"Term","Overlap","Adjusted.P.value","Genes"
"4-Hydroxytamoxifen TTD 00000995","4/39",0.00803241652359831,"HNF4A;RORA;ESR1;ESR2"
"tcpobop CTD 00001345","3/14",0.00803241652359831,"NR1I3;HNF4A;ESR1"
"Alitretinoin TTD 00001891","3/18",0.00962531385115459,"NR1I3;NR2C2;ESR1"
"DIETHYL PHTHALATE CTD 00000348","3/20",0.00962531385115459,"NR1I3;ESR1;ESR2"
"liothyronine TTD 00008994","3/21",0.00962531385115459,"HNF4A;RORA;ESR1"
"1,3,5-Tris(4-hydroxyphenyl)-4-propyl-1H-pyrazole CTD 00003875","3/21",0.00962531385115459,"HNF4A;ESR1;ESR2"
"liothyronine","3/24",0.0124681541358067,"HNF4A;RORA;ESR1"
"4-OCTYLPHENOL CTD 00002947","3/27",0.0156567482381687,"NR1I3;ESR1;ESR2"
"fenvalerate CTD 00000912","3/31",0.0196511361234881,"NR1I3;ESR1;ESR2"
"GNF-Pf-3037 TTD 00008263","3/33",0.0196511361234881,"NR2E3;ESR1;ESR2"
"trichostatin A ssMCF7 DOWN","5/161",0.0196511361234881,"ZFHX3;REST;TRPS1;ESR1;GTF2I"
"1,2-Benzisothiazol-3(2H)-one CTD 00000812","3/34",0.0196511361234881,"HNF4A;NR2E3;ESR1"
"Fenbuconazole CTD 00004512","3/35",0.0196511361234881,"POU2F1;ESR1;ESR2"
"progesterone TTD 00010337","3/35",0.0196511361234881,"HNF4A;RORA;ESR1"
"ethinyl estradiol","3/37",0.020318574476922,"NR1I3;ESR1;ESR2"
"progesterone","3/37",0.020318574476922,"HNF4A;RORA;ESR1"
"ethinyl estradiol BOSS","3/39",0.0223886828632856,"NR1I3;ESR1;ESR2"
"Retinoic acid TTD 00010557","3/42",0.0244450410278678,"NR1I3;HNF4A;ESR1"
"dibutyl phthalate CTD 00005795","3/44",0.0244450410278678,"NR1I3;ESR1;ESR2"
"dexamethasone CTD 00005779","7/421",0.0244450410278678,"HNF4A;NR1I3;RORA;HNF1A;NR2C2;RREB1;ESR1"
"Retinoic acid","3/46",0.0244450410278678,"NR1I3;HNF4A;ESR1"
"DEHP CTD 00005816","3/46",0.0244450410278678,"NR1I3;ESR1;ESR2"
"estriol CTD 00005924","3/49",0.0244450410278678,"HNF4A;ESR1;ESR2"
"PROFENOFOS CTD 00001129","2/11",0.0244450410278678,"NR1I3;ESR1"
"TRIPHENYL PHOSPHATE CTD 00000228","2/11",0.0244450410278678,"NR1I3;ESR1"
"PHENTHOATE CTD 00000434","2/11",0.0244450410278678,"NR1I3;ESR1"
"1,3,5[10]-Estratriene-2,3-diol-17-one CTD 00001165","2/11",0.0244450410278678,"ESR1;ESR2"
"2-Ethylhexyl 2-cyano-3,3-diphenylacrylate CTD 00003128","2/11",0.0244450410278678,"ESR1;ESR2"
"Tonalid CTD 00001589","2/11",0.0244450410278678,"ESR1;ESR2"
"propyl gallate CTD 00006637","2/11",0.0244450410278678,"ESR1;ESR2"
"methoxychlor CTD 00006302","3/50",0.0244450410278678,"NR1I3;ESR1;ESR2"
"Alitretinoin CTD 00003402","5/212",0.0244450410278678,"NR1I3;NR2C2;MEOX1;ESR1;ESR2"
"4-Cumylphenol CTD 00004651","2/12",0.0244450410278678,"NR1I3;ESR1"
"Enzacamene CTD 00001812","2/12",0.0244450410278678,"ESR1;ESR2"
"Propyl 4-hydroxybenzoate CTD 00000273","2/12",0.0244450410278678,"ESR1;ESR2"
"Cerebrosterol CTD 00001995","2/12",0.0244450410278678,"ESR1;ESR2"
"678-39-7 CTD 00001619","2/12",0.0244450410278678,"ESR1;ESR2"
"dioxybenzone CTD 00000176","2/12",0.0244450410278678,"ESR1;ESR2"
"diarylpropionitrile CTD 00004308","2/13",0.0254768692960149,"ESR1;ESR2"
"4-tert-Butylphenol CTD 00000316","2/13",0.0254768692960149,"NR1I3;ESR1"
"CYHALOTHRIN CTD 00001754","2/13",0.0254768692960149,"ESR1;ESR2"
"oxybenzone CTD 00000215","2/13",0.0254768692960149,"ESR1;ESR2"
"2-Phenylphenol CTD 00000139","2/13",0.0254768692960149,"ESR1;ESR2"
"arsenite CTD 00000779","12/1300",0.0255082661672973,"KLF12;ZFHX3;ZNF382;ONECUT1;ZFP42;TBX20;RORB;SIM1;BACH1;ESR1;ESR2;SOX5"
"5630-53-5 CTD 00001286","2/14",0.0255082661672973,"ESR1;ESR2"
"cinnarizine CTD 00005673","2/14",0.0255082661672973,"ESR1;ESR2"
"mestranol CTD 00006278","2/14",0.0255082661672973,"ESR1;ESR2"
"cinnarizine TTD 00007193","2/14",0.0255082661672973,"ESR1;ESR2"
"phenylbutazone TTD 00010195","2/14",0.0255082661672973,"ESR1;ESR2"
"GNF-Pf-3955 TTD 00008269","2/14",0.0255082661672973,"ESR1;ESR2"
"Phorbol 12-myristate 13-acetate CTD 00006852","7/483",0.0258313365072967,"KLF12;POU2F1;NFATC3;REL;ZNF235;ESR1;ESR2"
"endosulfan CTD 00005896","3/60",0.026106117734053,"NR1I3;ESR1;ESR2"
"Homocastasterone CTD 00002741","2/15",0.0271529110179861,"ESR1;ESR2"
"Tetrachlorodian CTD 00001882","2/15",0.0271529110179861,"ESR1;ESR2"
"thimerosal BOSS","3/62",0.0271529110179861,"HNF4A;NR2E3;ESR1"
"T0901317 CTD 00003912","3/63",0.0274562203646661,"HNF4A;NR1I3;RORA"
"phthalic acid CTD 00001559","2/16",0.0274562203646661,"ESR1;ESR2"
"Isorhamnetin CTD 00002092","2/16",0.0274562203646661,"ESR1;ESR2"
"Brassinolide CTD 00001097","2/16",0.0274562203646661,"ESR1;ESR2"
"1,1-Bis(4-hydroxyphenyl)cyclohexane CTD 00004659","2/16",0.0274562203646661,"NR1I3;ESR1"
"Fenhexamid CTD 00004037","2/16",0.0274562203646661,"ESR1;ESR2"
"ellagic acid CTD 00005891","4/146",0.0291165107800874,"NR1I3;NR2E3;ESR1;ESR2"
"4-nonylphenol CTD 00001904","3/69",0.0317385053639505,"NR1I3;ESR1;ESR2"
"triclosan CTD 00006933","3/69",0.0317385053639505,"NR1I3;ESR1;ESR2"
"simvastatin TTD 00010956","2/18",0.0317385053639505,"NR2E3;ESR1"
"CHEMBL199925 TTD 00003764","2/18",0.0317385053639505,"ESR1;ESR2"
"estradiol TTD 00007900","2/18",0.0317385053639505,"ESR1;ESR2"
"Hydroxychlor CTD 00003776","2/19",0.0334039736819435,"ESR1;ESR2"
"p,p'-DDD CTD 00005753","2/19",0.0334039736819435,"ESR1;ESR2"
"1,1,2,2,3,3-hexabromocyclododecane CTD 00003141","2/19",0.0334039736819435,"ESR1;ESR2"
"raloxifene TTD 00010501","2/19",0.0334039736819435,"ESR1;ESR2"
"Medroxyprogesterone acetate","2/20",0.0350625441668806,"ESR1;ESR2"
"cypermethrin CTD 00000881","2/20",0.0350625441668806,"NR1I3;ESR1"
"chlordane CTD 00005630","2/20",0.0350625441668806,"ESR1;ESR2"
"Pyridaben CTD 00003936","2/20",0.0350625441668806,"NR2E3;ESR1"
"ellagic acid TTD 00007809","3/77",0.0358076872772245,"NR2E3;ESR1;ESR2"
"phenolphthalein CTD 00007346","2/21",0.0358076872772245,"NR1I3;ESR1"
"artemisinin CTD 00001499","2/21",0.0358076872772245,"NR1I3;ESR1"
"daidzein TTD 00007423","2/21",0.0358076872772245,"ESR1;ESR2"
"tamoxifen TTD 00011319","2/21",0.0358076872772245,"ESR1;ESR2"
"ethinyl estradiol TTD 00007915","2/21",0.0358076872772245,"NR1I3;ESR1"
"ouabain PC3 UP","6/416",0.0379023197556333,"NFAT5;POU2F1;REL;FOXO3B;NR2C2;BACH1"
"aldrin CTD 00005348","2/22",0.0379023197556333,"ESR1;ESR2"
"pyrazole BOSS","2/22",0.0379023197556333,"ESR1;ESR2"
"irinotecan MCF7 DOWN","11/1272",0.0395423287395753,"NFAT5;ZFHX3;POU2F1;TRPS1;MGA;NFATC3;FOXO3B;RREB1;GRHL2;ESR1;ZNF410"
"FLAVONE CTD 00001977","2/23",0.0395423287395753,"ESR1;ESR2"
"PHENANTHRENE CTD 00001483","2/23",0.0395423287395753,"ESR1;ESR2"
"Butyl 4-hydroxybenzoate CTD 00001781","2/23",0.0395423287395753,"ESR1;ESR2"
"O,P'-DDT CTD 00000838","4/178",0.040382215362249,"NR1I3;MEOX1;ESR1;ESR2"
"CLOMIPHENE CITRATE","2/24",0.040382215362249,"HNF4A;ESR1"
"DEMECLOCYCLINE HYDROCHLORIDE","2/24",0.040382215362249,"ESR1;ESR2"
"Spectrum 001666 CTD 00000796","3/86",0.040382215362249,"BACH1;ESR1;ESR2"
"carbamazepine CTD 00005574","6/436",0.040382215362249,"REST;POU2F1;NR1I3;HNF1A;BACH1;ESR1"
"GNF-Pf-4325 CTD 00005408","3/88",0.040382215362249,"NR1I3;RORA;NR2E3"
"25-Hydroxycholesterol CTD 00000381","2/25",0.040382215362249,"ESR1;ESR2"
"apicidin CTD 00003381","2/25",0.040382215362249,"ESR1;ESR2"
"Fludioxonil CTD 00003504","2/25",0.040382215362249,"ESR1;ESR2"
"DEMECLOCYCLINE HYDROCHLORIDE BOSS","2/25",0.040382215362249,"ESR1;ESR2"
"CARBARYL CTD 00006737","2/25",0.040382215362249,"ESR1;ESR2"
"Permethrin CTD 00007392","2/25",0.040382215362249,"NR1I3;ESR1"
"ETHACRYNIC ACID TTD 00007910","2/25",0.040382215362249,"HNF4A;ESR1"
"Chlorophenothane CTD 00005755","3/90",0.040382215362249,"NR1I3;ESR1;ESR2"
"camptothecin MCF7 DOWN","12/1513",0.040382215362249,"REST;TRPS1;MGA;NFATC3;REL;FOXO3B;NR2C2;BACH1;RREB1;GRHL2;ZNF322;ZNF410"
"17-Hydroxyandrostan-3-one CTD 00006776","4/187",0.040382215362249,"RORA;NANOG;ESR1;ESR2"
"estradiol","2/26",0.040382215362249,"ESR1;ESR2"
"clomiphene CTD 00005686","2/26",0.040382215362249,"ESR1;ESR2"
"2,4-DIHYDROXYBENZOPHENONE CTD 00003724","2/26",0.040382215362249,"ESR1;ESR2"
"ipriflavone CTD 00000966","2/26",0.040382215362249,"ESR1;ESR2"
"Prochloraz CTD 00002021","2/26",0.040382215362249,"ESR1;ESR2"
"COUMESTROL TTD 00007296","2/26",0.040382215362249,"ESR1;ESR2"
"hexachlorophene CTD 00006092","3/92",0.041686223875064,"NR2E3;ESR1;ESR2"
"phenylbutazone CTD 00006518","2/27",0.0423662697159634,"ESR1;ESR2"
"morin TTD 00009388","2/27",0.0423662697159634,"ESR1;ESR2"
"formononetin CTD 00000369","2/28",0.0447381275165311,"ESR1;ESR2"
"ETHACRYNIC ACID BOSS","2/28",0.0447381275165311,"HNF4A;ESR1"
"Triclocarban CTD 00000497","2/29",0.0475383801791663,"NR1I3;ESR1"
