"","baseMean","log2FoldChange","lfcSE","stat","pvalue","padj","symbol"
"ENSG00000248483",133.009599426475,6.39569478566361,0.112678109383515,56.7607569975729,0,0,"POU5F2"
"ENSG00000283463",3.15280797513715,3.3454162550103,0.203405012531066,16.4470688965905,8.80263563134574e-61,4.96394237673848e-60,"HSFX4"
"ENSG00000274529",0.925293130238292,2.80448150732801,0.275063465813118,10.1957615455679,2.07114876819487e-24,6.38340380607767e-24,"SEBOX"
"ENSG00000178919",10.4530520229787,2.75067646515571,0.208157464695757,13.2144022275449,7.24596667748633e-40,2.97937884682844e-39,"FOXE1"
"ENSG00000164532",10.7804447698101,2.67549042492746,0.292050347671584,9.16105885939948,5.13905550639589e-20,1.43146249301499e-19,"TBX20"
"ENSG00000119725",86.7951573218968,2.54662847749852,0.0861791261744353,29.5504096008572,6.48799269043199e-192,1.63446218862672e-190,"ZNF410"
"ENSG00000162924",563.318944892968,2.45527650862905,0.0699453085412945,35.1028047460752,6.10826204640931e-270,3.40197846933662e-268,"REL"
"ENSG00000174197",5532.69599239296,2.42275729874257,0.0477901652976388,50.6957296266619,0,0,"MGA"
"ENSG00000101076",7.70072849020984,2.38621855768665,0.170533384997508,13.9926769044168,1.72783882585871e-44,7.67079774738066e-44,"HNF4A"
"ENSG00000176302",7.95777000703837,2.36146420849678,0.196258790582235,12.0323996774417,2.40079763823091e-33,8.82854854500354e-33,"FOXR1"
"ENSG00000249709",36.0082728501768,2.34254157090417,0.0852332901880256,27.483880602714,2.73619537704295e-166,5.24118224472577e-165,"ZNF564"
"ENSG00000176160",10.4544772708441,2.29103909952041,0.109586023858545,20.9063073816577,4.69168876380464e-97,4.14826962014339e-96,"HSF5"
"ENSG00000269699",37.6863245460954,2.17165925952206,0.122859008073502,17.6760279410919,6.41602342474145e-70,4.08884268491662e-69,"ZIM2"
"ENSG00000167232",2911.53641924085,2.150186490387,0.0717876937629657,29.952020711052,4.14122340811709e-197,1.10228474576155e-195,"ZNF91"
"ENSG00000083307",15.1711355262721,2.11971955819603,0.139608007531172,15.1833665968103,4.5577572474908e-52,2.26994848372107e-51,"GRHL2"
"ENSG00000140009",200.427721653529,2.07543142579649,0.151966220965299,13.6571891609413,1.82908756372944e-42,7.85438610032543e-42,"ESR2"
"ENSG00000102908",2698.75214431471,1.96658009557914,0.0647911486200914,30.3526042902921,2.32132697096227e-202,6.49462966930571e-201,"NFAT5"
"ENSG00000184659",6.88447271695928,1.88132906281983,0.158896714323604,11.8399494339976,2.42599186374365e-32,8.76140647902678e-32,"FOXD4L4"
"ENSG00000169856",74.9839766188988,1.86277375414955,0.167568594524224,11.1164849203308,1.04300813857948e-28,3.51408370529378e-28,"ONECUT1"
"ENSG00000104447",4133.89501537577,1.84351620065501,0.0661562445046867,27.8660950974085,6.87531294619979e-171,1.38889090228429e-169,"TRPS1"
"ENSG00000283697",0.583286151669886,1.8006522359217,0.282568053244092,6.37245511390573,1.86025874351823e-10,3.93070627781809e-10,"HSFX3"
"ENSG00000268480",0.952336443578019,1.78489250101034,0.283947323729861,6.28599867596722,3.25752719640885e-10,6.82424082697416e-10,"NFILZ"
"ENSG00000159915",183.53266071263,1.75933373449612,0.0959734615145489,18.3314606635233,4.64268495477004e-75,3.1563666480433e-74,"ZNF233"
"ENSG00000111704",3.92676331662567,1.7173035104262,0.159097585442417,10.7940262301954,3.67335754151912e-27,1.20022454085797e-26,"NANOG"
"ENSG00000030419",802.041846523022,1.71001089355492,0.0674596643393205,25.3486421894068,9.30159584833884e-142,1.34978839753735e-140,"IKZF2"
"ENSG00000167800",3.24556615316035,1.56915852239833,0.193027234918713,8.12920789679822,4.32104676336893e-16,1.08994507880605e-15,"TBX10"
"ENSG00000178662",1695.00134912725,1.55228467289735,0.0988196271150723,15.7082628038028,1.32767502131473e-55,6.94175493207199e-55,"CSRNP3"
"ENSG00000162599",13220.8344181499,1.52634877515621,0.081004216827098,18.842831088833,3.3647707046799e-79,2.40717769740965e-78,"NFIA"
"ENSG00000091831",136.744287547077,1.52120644497531,0.0774524299332849,19.6405257560755,6.96731427388502e-86,5.40163246264165e-85,"ESR1"
"ENSG00000278570",17.2148664563279,1.51368895903778,0.120412595814432,12.5708523165677,3.05413450051606e-36,1.1818575021694e-35,"NR2E3"
"ENSG00000134532",1964.74562415042,1.50432267949442,0.0837041323011982,17.9719045898632,3.23418154453562e-72,2.11719874233643e-71,"SOX5"
"ENSG00000166268",80.0365738437055,1.44049073374904,0.143056743484091,10.0693661736347,7.54628180157605e-24,2.29442901443158e-23,"MYRFL"
"ENSG00000204779",2.63312687908712,1.42489418045539,0.22002826085994,6.47595983755204,9.42111064397219e-11,2.01119188138356e-10,"FOXD4L5"
"ENSG00000196724",673.218663955632,1.39342656718767,0.0753268539144436,18.49840388622,2.12679637417222e-76,1.47109358695322e-75,"ZNF418"
"ENSG00000186487",604.156707494803,1.33511143282692,0.212032962603639,6.29671639933969,3.04016758969393e-10,6.37636276027077e-10,"MYT1L"
"ENSG00000115112",1103.63640687192,1.3291424494973,0.184749673003538,7.19428850881835,6.27873062921312e-13,1.44263136086714e-12,"TFCP2L1"
"ENSG00000156273",3302.49806649037,1.32775768326019,0.0506755703026214,26.2011394313111,2.57912357724762e-151,4.17029586801624e-150,"BACH1"
"ENSG00000161298",747.69815170099,1.30996657581959,0.0589693890602635,22.214348778158,2.49573499418708e-109,2.53900323744745e-108,"ZNF382"
"ENSG00000124782",1644.50167254559,1.30383379777211,0.0690226976284042,18.8899281333732,1.38033549698281e-79,9.91999384231223e-79,"RREB1"
"ENSG00000069667",1874.54785134223,1.30346861746542,0.0790591458199884,16.4872590507532,4.5304006264989e-61,2.56203613666852e-60,"RORA"
"ENSG00000240445",407.435287671335,1.28521834754252,0.079605413583906,16.1448611304289,1.23425978976396e-58,6.74941777775286e-58,"FOXO3B"
"ENSG00000135100",6.69348196131404,1.26549412323637,0.129104191562798,9.80211492684823,1.10252611587269e-22,3.26755184277593e-22,"HNF1A"
"ENSG00000084093",2239.13411878866,1.20648297951361,0.0508956396411421,23.7050361881755,3.19929533549588e-124,3.83186703939227e-123,"REST"
"ENSG00000164684",3801.84014843451,1.20560546698105,0.093263634168259,12.9268549068761,3.17544902653178e-38,1.27032172066089e-37,"ZNF704"
"ENSG00000263002",907.61812211438,1.19392520777237,0.0482874389952589,24.725378537669,5.70626671803982e-135,7.72853305947847e-134,"ZNF234"
"ENSG00000143257",58.5579168672574,1.19018906303903,0.0710736372747121,16.745858361501,6.07084389782634e-63,3.52270519978382e-62,"NR1I3"
"ENSG00000143190",2136.10358104307,1.17128449912133,0.0593406827969888,19.7383050533549,1.0111333427665e-86,7.92505125031983e-86,"POU2F1"
"ENSG00000171116",4.30129115044835,1.16883247250694,0.179092407830668,6.52642111781799,6.73597655181018e-11,1.444531652858e-10,"HSFX1"
"ENSG00000140836",1752.79088040721,1.14687223241495,0.0636548846353306,18.0170341833971,1.43218334125942e-72,9.43657510136459e-72,"ZFHX3"
"ENSG00000072736",1083.31106281184,1.14419038881639,0.0457505144083335,25.0093447825359,4.83773310557889e-138,6.74992136796613e-137,"NFATC3"
"ENSG00000159917",468.079578180047,1.14135178603621,0.053858986900495,21.1914826423466,1.14436592559032e-99,1.0372979897433e-98,"ZNF235"
"ENSG00000205922",7.29431540340322,1.13315987998577,0.133987958475281,8.45717699471345,2.7392798829687e-17,7.12677842557086e-17,"ONECUT3"
"ENSG00000138738",826.351980622637,1.10812314417917,0.0676892397415847,16.3707429483567,3.09413680650082e-60,1.73063858045536e-59,"PRDM5"
"ENSG00000177463",3614.8962793276,1.09787987383717,0.0421196189031951,26.0657599101376,8.91703702470464e-150,1.41495965616275e-148,"NR2C2"
"ENSG00000110693",3709.13704094446,1.09444330967135,0.10882891871011,10.0565485961194,8.5959180265379e-24,2.60927877885185e-23,"SOX6"
"ENSG00000198963",1591.11407319525,1.08966368609492,0.137788619113945,7.90822705896931,2.61080307990136e-15,6.43569318813445e-15,"RORB"
"ENSG00000118922",2431.04860878748,1.08722394190517,0.0831392936634302,13.0771371032635,4.44882482254057e-39,1.8039485184255e-38,"KLF12"
"ENSG00000119547",289.425241671177,1.06690587535255,0.196187053103462,5.43820735606797,5.38193179050687e-08,1.0330119516589e-07,"ONECUT2"
"ENSG00000173320",1443.53488001654,1.05842330503262,0.085394220763324,12.3945542868306,2.7969653638397e-35,1.06611072648837e-34,"STOX2"
"ENSG00000134317",149.530210068918,1.0568980447317,0.115240443350782,9.17124243885965,4.67598148663122e-20,1.30430409327012e-19,"GRHL1"
"ENSG00000179059",0.457013823372873,1.04891711420206,0.379252573031839,2.76574818152652,0.00567923715546459,0.00824469361472968,"ZFP42"
"ENSG00000005102",6.58021747985855,1.03079042512018,0.167568885882428,6.15144285105181,7.67811936521646e-10,1.58735787701507e-09,"MEOX1"
"ENSG00000112246",9.53772114304161,1.02965225347264,0.280471122823029,3.67115246342963,0.000241459242996915,0.000386556773891008,"SIM1"
"ENSG00000181315",719.329988473484,1.01563622862371,0.047372351257232,21.4394304202636,5.73108075235109e-102,5.33184362656718e-101,"ZNF322"
"ENSG00000263001",2618.31623103794,1.01351317928095,0.049066715029428,20.6558188921571,8.65414302549246e-95,7.44198023134941e-94,"GTF2I"
"ENSG00000122180",14.1167275351696,0.99522944607407,0.126248421549892,7.88310407255877,3.19346872799986e-15,7.8532409752381e-15,"MYOG"
"ENSG00000178175",139.175886562428,0.984023713102434,0.0833723500118188,11.8027585040237,3.77722718712368e-32,1.35892006274612e-31,"ZNF366"
"ENSG00000186951",1506.98780885292,0.978508887012207,0.0556067450825834,17.596945938105,2.5997044600578e-69,1.64154166483094e-68,"PPARA"
"ENSG00000109906",3556.08288584771,0.971984120925705,0.111836244250386,8.6911370051874,3.58829998656229e-18,9.53643929831436e-18,"ZBTB16"
"ENSG00000127152",188.365600037283,0.966213819088014,0.146012567273385,6.61733326884756,3.65736348412871e-11,7.9173003353148e-11,"BCL11B"
"ENSG00000172789",7.08832191092626,0.953832290969439,0.196623595437936,4.85105711166042,1.22805174963895e-06,2.21933174540519e-06,"HOXC5"
"ENSG00000177311",4380.36127268008,0.937144723256326,0.0554895479780485,16.8886710633696,5.4517172129753e-64,3.20822252579237e-63,"ZBTB38"
"ENSG00000138380",822.924073536968,0.923910403996784,0.0460894763552023,20.0460165109361,2.18669057740359e-89,1.7705459303814e-88,"CARF"
"ENSG00000212993",16.6844694264869,0.922746777725962,0.119743566284264,7.70602385046237,1.29798381006666e-14,3.14024374888878e-14,"POU5F1B"
"ENSG00000082175",23.0258316124675,0.922692299752549,0.165869262980677,5.56276843082155,2.6552814089872e-08,5.16739343576269e-08,"PGR"
"ENSG00000189298",481.207069915911,0.902837575117825,0.0366534297620116,24.6317351740312,5.77619489959157e-134,7.7372736574599e-133,"ZKSCAN3"
"ENSG00000164916",4879.64969918009,0.902635353998546,0.0576726569854578,15.6510103952059,3.26986448478361e-55,1.70102727232671e-54,"FOXK1"
"ENSG00000196482",349.075769728706,0.89852951956196,0.0914750378160345,9.82267448053963,8.99255317649836e-23,2.66924897375789e-22,"ESRRG"
"ENSG00000204920",257.9544481872,0.878792236207128,0.0513756707884537,17.105221649089,1.35684620153002e-65,8.15567512864074e-65,"ZNF155"
"ENSG00000151623",803.067666187008,0.878506053067721,0.0997897876477554,8.80356671535098,1.32535328807999e-18,3.56132255775964e-18,"NR3C2"
"ENSG00000185129",2528.26518511788,0.878441925633347,0.0623206331191853,14.0955231304112,4.04638189429186e-45,1.81579356190135e-44,"PURA"
"ENSG00000176024",524.523287077751,0.865394174421492,0.0470427470392306,18.3959107171146,1.41660503477472e-75,9.69356907822242e-75,"ZNF613"
"ENSG00000164299",0.766548415290516,0.861982409303077,0.318467063507122,2.70666109019403,0.00679636001585168,0.00980329648199954,"SPZ1"
"ENSG00000155592",830.521231604108,0.856521148044929,0.052744164512355,16.2391641988052,2.66530789703875e-59,1.47220518794826e-58,"ZKSCAN2"
"ENSG00000075407",954.157653341109,0.855670606880272,0.07867804651318,10.8755954780465,1.50668726287105e-27,4.96160524693474e-27,"ZNF37A"
"ENSG00000169981",777.215702834677,0.850701504243452,0.046357180166256,18.3510192205929,3.2397771347412e-75,2.20818664181865e-74,"ZNF35"
"ENSG00000080298",2273.88502046312,0.848806014050648,0.0727647367437561,11.6650736611575,1.92236647865088e-31,6.82538088944534e-31,"RFX3"
"ENSG00000248767",2.33723203324147,0.843055604720407,0.270968240100357,3.11127091650361,0.00186283948888842,0.00280721342887364,"FOXL3"
"ENSG00000109381",2193.85966868065,0.836933446261567,0.0331582183073973,25.2406036567669,1.43629618173045e-140,2.05754031546289e-139,"ELF2"
"ENSG00000161405",102.601988580338,0.828939378211387,0.13272271829866,6.24564798579592,4.22046722465238e-10,8.80711770006248e-10,"IKZF3"
"ENSG00000064835",2.42434311988729,0.824432444701875,0.179397127927117,4.59557214894105,4.31563428608652e-06,7.5984744698301e-06,"POU1F1"
"ENSG00000189180",1158.65132506245,0.822465632708864,0.0603447061935203,13.6294579025919,2.67560383353411e-42,1.1452780208122e-41,"ZNF33A"
"ENSG00000187559",4.25364180336413,0.820923525638998,0.170084413712054,4.82656527851393,1.38907876814601e-06,2.50417971331192e-06,"FOXD4L3"
"ENSG00000143365",23.5975146788742,0.818975123177277,0.14697001797852,5.57239588347175,2.51259655638918e-08,4.89380120221438e-08,"RORC"
"ENSG00000164463",1615.47308483047,0.805566605502451,0.0493406789934639,16.3266218044783,6.3821847024414e-60,3.55343189381025e-59,"CREBRF"
"ENSG00000053254",2866.69443232088,0.804251378596734,0.0555530114259739,14.477187787892,1.68865965915879e-47,7.85853120688267e-47,"FOXN3"
"ENSG00000124459",1285.67293637835,0.790120697446408,0.0456947560671527,17.2912772810353,5.47260974834722e-67,3.35794475738308e-66,"ZNF45"
"ENSG00000134852",2156.90590314592,0.786260945636271,0.0801703078719469,9.80738338802612,1.04646872415859e-22,3.10227191861163e-22,"CLOCK"
"ENSG00000204531",34.4280153193686,0.784801478407132,0.109329357285422,7.17832335150638,7.05714956101825e-13,1.61857241631667e-12,"POU5F1"
"ENSG00000144792",627.166642829327,0.783574194935601,0.0588448213468109,13.3159414371825,1.87000284289607e-40,7.76763727353532e-40,"ZNF660"
"ENSG00000273514",3.41228542935743,0.779391280922673,0.191673407024369,4.06624629374685,4.77764437769267e-05,7.96655304067056e-05,"FOXD4L6"
"ENSG00000181690",176.021029152754,0.776781184870447,0.123224227807905,6.30380241523101,2.90430697374333e-10,6.09403388872695e-10,"PLAG1"
"ENSG00000089775",1004.59161897331,0.76591581136475,0.0478636396133081,16.0020386571646,1.23658603270822e-57,6.66228581399023e-57,"ZBTB25"
"ENSG00000168269",0.959385928182505,0.75914153367613,0.355092956547041,2.13786705615932,0.0325275346996828,0.0441576844204411,"FOXI1"
"ENSG00000185591",4281.79190477686,0.753928119685935,0.0419043788287772,17.991630964547,2.26589646075675e-72,1.4884150738056e-71,"SP1"
"ENSG00000125816",2.75593677516243,0.74353150674864,0.28115931485073,2.64452026831616,0.00818068071753884,0.0117237843581691,"NKX2-4"
"ENSG00000140548",1269.83412989469,0.740432348063921,0.0521531678696902,14.1972650619031,9.52580847690973e-46,4.31837724495458e-45,"ZNF710"
"ENSG00000196628",14317.7669105336,0.739766211162748,0.0613485751103452,12.0584090149145,1.75133360360942e-33,6.45884800219951e-33,"TCF4"
"ENSG00000083814",1075.56423894543,0.734553409514537,0.0525479262645465,13.9787325919678,2.10197951674429e-44,9.31561472492674e-44,"ZNF671"
"ENSG00000085276",761.319754030696,0.726946140650002,0.0881841892047285,8.24349747053094,1.67248461298136e-16,4.2676644813094e-16,"MECOM"
"ENSG00000105866",1340.96755577465,0.724692423732238,0.0546057483601075,13.2713577873363,3.39375237617621e-40,1.40307187962564e-39,"SP4"
"ENSG00000174306",7137.80987312595,0.717825312763802,0.0684120658456172,10.4926711960971,9.33512541872197e-26,2.96418279976161e-25,"ZHX3"
"ENSG00000213988",176.836186224813,0.705821207778421,0.0895085906452351,7.88551358803006,3.13244500744701e-15,7.70455633905407e-15,"ZNF90"
"ENSG00000158711",2180.32580655893,0.703179062543751,0.0606919088249691,11.5860429529687,4.85026841355018e-31,1.7079593992013e-30,"ELK4"
"ENSG00000112182",583.257750912006,0.699394144811869,0.0963515835797793,7.25877166546795,3.90621216879371e-13,9.02964328338427e-13,"BACH2"
"ENSG00000163848",3159.64469612392,0.693238210200087,0.0434492539185033,15.9551234527612,2.62454185675606e-57,1.40680269783384e-56,"ZNF148"
"ENSG00000118689",3799.42775384059,0.689271069572155,0.0608612120711764,11.3252931730321,9.83492720299899e-30,3.37872460674896e-29,"FOXO3"
"ENSG00000175387",5070.73927312571,0.688282950230135,0.0402287006119844,17.1092513493983,1.26616421719059e-65,7.61402081228836e-65,"SMAD2"
"ENSG00000170325",625.645753512789,0.676572683074462,0.0372820036237268,18.1474335420074,1.34541894184292e-73,8.98856496347823e-73,"PRDM10"
"ENSG00000225614",636.503663045311,0.676149647958494,0.107166459326543,6.30934018169082,2.80227567647406e-10,5.88431812825971e-10,"ZNF469"
"ENSG00000268738",2.49907977741996,0.675831376702912,0.228979017360935,2.95149915696255,0.00316235409430854,0.00468263436940295,"HSFX2"
"ENSG00000137265",32.2848786567708,0.6739304964247,0.131354713996259,5.13061523200372,2.88796700315678e-07,5.37469108044383e-07,"IRF4"
"ENSG00000267508",454.841142812349,0.666378833818295,0.0681329028471111,9.78057305607008,1.36435843236288e-22,4.03573793080468e-22,"ZNF285"
"ENSG00000269404",14.9188213942835,0.665741830004075,0.134092828850206,4.96478324540213,6.87778408621444e-07,1.25727018295851e-06,"SPIB"
"ENSG00000185669",108.509443855555,0.661532543541531,0.0778273686471512,8.499998844118,1.89592584294289e-17,4.95111922584473e-17,"SNAI3"
"ENSG00000118263",2230.07747998439,0.656905229343528,0.0553660106080919,11.8647744731588,1.80387908748725e-32,6.531815485977e-32,"KLF7"
"ENSG00000105392",2.15382374790227,0.650655839196301,0.172966002704034,3.76175565732217,0.000168724838080965,0.000272728005956255,"CRX"
"ENSG00000113580",4357.12240982062,0.649936280694982,0.0403029446478006,16.126272816407,1.66787062898704e-58,9.10479117710851e-58,"NR3C1"
"ENSG00000168348",28.7381022644668,0.649404284889689,0.187204599923952,3.46895474338502,0.000522487460568067,0.000818001414563246,"INSM2"
"ENSG00000169083",1583.85846501579,0.644514859499855,0.110757652258164,5.81914519095766,5.91493387823671e-09,1.18223732438454e-08,"AR"
"ENSG00000175105",815.227123767805,0.643775347475786,0.060755645479395,10.5961403651636,3.10532876059021e-26,9.94810672234471e-26,"ZNF654"
"ENSG00000187079",5603.30189612166,0.641246481392361,0.0564515155128189,11.3592429816476,6.67202777450773e-30,2.29993918412461e-29,"TEAD1"
"ENSG00000100625",244.854969714728,0.637877681712958,0.126775374280492,5.03155826068907,4.86509214788137e-07,8.96127317327664e-07,"SIX4"
"ENSG00000118217",4019.17153180245,0.636824119109758,0.034162875082286,18.6408233374937,1.49915562873637e-77,1.05229306362579e-76,"ATF6"
"ENSG00000181894",1071.81506207437,0.635464126797756,0.0787735841748682,8.06696982819901,7.20643489121056e-16,1.80645881919605e-15,"ZNF329"
"ENSG00000256683",635.598494984645,0.623785719850994,0.0434539443746049,14.3551000680975,9.8982553605781e-47,4.55380878374717e-46,"ZNF350"
"ENSG00000170581",7127.41582709448,0.617779924172019,0.0655068407685933,9.43076962533367,4.07090859524076e-21,1.16578093650031e-20,"STAT2"
"ENSG00000090612",1627.71989231908,0.613051591100975,0.0517762485546676,11.8404018872416,2.41293933192651e-32,8.71485441943075e-32,"ZNF268"
"ENSG00000184635",554.931307736398,0.611485815849162,0.0757905841472356,8.06809741248663,7.14020699822364e-16,1.79010826972714e-15,"ZNF93"
"ENSG00000112365",605.818802076469,0.609811430893631,0.0435686345511917,13.9965697152414,1.63577644052541e-44,7.26509056071047e-44,"ZBTB24"
"ENSG00000147862",8838.54989330792,0.592660525496471,0.0821710958955971,7.21251821016819,5.49264823107387e-13,1.26423781317233e-12,"NFIB"
"ENSG00000102145",6.01123795904085,0.58225152623909,0.153903406076096,3.78322703235821,0.000154808086586959,0.000250845224048487,"GATA1"
"ENSG00000170448",505.519512262496,0.574722861281638,0.0344789345566464,16.6688115126472,2.20944011265287e-62,1.27065313105323e-61,"NFXL1"
"ENSG00000125846",1216.85733913977,0.573779343830673,0.0480504035762391,11.9411971830848,7.21767702536935e-33,2.63037908254848e-32,"ZNF133"
"ENSG00000135164",4330.35133741786,0.56710272737653,0.057088872242845,9.93368243401595,2.97077238474484e-23,8.91980104592759e-23,"DMTF1"
"ENSG00000171940",1608.63657272968,0.548953540046563,0.0789586363215151,6.95241921113297,3.59074477500497e-12,8.04284841355675e-12,"ZNF217"
"ENSG00000148200",238.262853185335,0.542484010762555,0.0861661859638128,6.29578766536541,3.05842796083632e-10,6.41340756349435e-10,"NR6A1"
"ENSG00000138378",67.8142314940991,0.539663220465032,0.124036025987016,4.35085868134411,1.35605432893339e-05,2.32946697450559e-05,"STAT4"
"ENSG00000180257",315.30046786257,0.538453662319031,0.070672937900537,7.6189511617139,2.55745195263787e-14,6.13335619870235e-14,"ZNF816"
"ENSG00000144218",1050.72370850795,0.527903865776592,0.109607730920839,4.81630138076534,1.46243590814394e-06,2.6339463211455e-06,"AFF3"
"ENSG00000149050",151.985963522079,0.527436590912146,0.122855511310688,4.29314554377881,1.76159446464171e-05,3.00723653690857e-05,"ZNF214"
"ENSG00000165730",470.097827593133,0.526227892200932,0.124645053883241,4.22181126171173,2.42347000531699e-05,4.10706490979434e-05,"STOX1"
"ENSG00000182983",680.03309310166,0.525654461949102,0.0956238497739629,5.49710624694208,3.8607411105973e-08,7.45649941396383e-08,"ZNF662"
"ENSG00000052850",91.2084836660297,0.519548261078646,0.155237498422451,3.34679614370485,0.000817513056271839,0.00126336930963187,"ALX4"
"ENSG00000148516",7811.3819060288,0.519517022751089,0.0738818316755594,7.03172905935071,2.03989633470245e-12,4.60548072130962e-12,"ZEB1"
"ENSG00000186446",610.454699700054,0.505155787931142,0.0624552047743842,8.08828967507173,6.05083621784693e-16,1.52033425329337e-15,"ZNF501"
"ENSG00000170802",1872.78308179819,0.504821487301623,0.0586262934306341,8.61083752290978,7.25287240484829e-18,1.91192646496428e-17,"FOXN2"
"ENSG00000114861",811.04580122338,0.504614170878467,0.0814743479072345,6.19353433123532,5.8829867260283e-10,1.22141489592305e-09,"FOXP1"
"ENSG00000068305",3024.00110053124,0.503585518437142,0.0470490414392138,10.7034171798752,9.80926535364502e-27,3.17737732804323e-26,"MEF2A"
"ENSG00000119042",1898.60545940543,0.503246420368173,0.0835389487745031,6.02409328523617,1.70060265707487e-09,3.46951663850103e-09,"SATB2"
"ENSG00000106006",46.2430435457769,0.502985583307999,0.1640699426842,3.06567781446806,0.00217177198175733,0.00325638295973086,"HOXA6"
"ENSG00000169554",7631.77304329571,0.50109034968538,0.0617353842175851,8.11674465196972,4.78854837637243e-16,1.20656301615315e-15,"ZEB2"
"ENSG00000143437",2421.95197660579,0.500642207059434,0.0488423841802156,10.2501590670143,1.18148942021442e-24,3.66077432488621e-24,"ARNT"
"ENSG00000029153",948.014570963576,0.498134248411762,0.0852214175945023,5.84517674631943,5.06030687339889e-09,1.01455832996103e-08,"BMAL2"
"ENSG00000196652",2088.86650280781,0.496290331076569,0.0362067651539887,13.7071160311016,9.20442373161688e-43,3.97447920796667e-42,"ZKSCAN5"
"ENSG00000162419",852.507852476324,0.484274035167561,0.0416012175417211,11.6408620656809,2.55420775631805e-31,9.04777615760929e-31,"GMEB1"
"ENSG00000048405",1261.20150690838,0.481734348526969,0.0465338310030258,10.3523466291792,4.08352166870008e-25,1.27854991931734e-24,"ZNF800"
"ENSG00000198093",1061.74670368572,0.468075835359848,0.081951808571036,5.71159860314881,1.11919819307936e-08,2.2125719088691e-08,"ZNF649"
"ENSG00000109320",2121.80857979794,0.466369196309815,0.0500371412795704,9.3204604496506,1.1583649925096e-20,3.28093303803654e-20,"NFKB1"
"ENSG00000172466",6317.6331996181,0.46510715664675,0.041341657675358,11.250326735785,2.30735733765992e-29,7.87231574097025e-29,"ZNF24"
"ENSG00000165891",559.050544118549,0.464401656953643,0.111814917494336,4.1533067980591,3.27704904872211e-05,5.51494347910767e-05,"E2F7"
"ENSG00000189042",536.896465117176,0.458604023873734,0.0461575384165323,9.93562567689863,2.91341143672301e-23,8.75051290794658e-23,"ZNF567"
"ENSG00000075426",5506.50464960729,0.454750637391924,0.0996835251378257,4.56194377920695,5.06822197239875e-06,8.89143717348013e-06,"FOSL2"
"ENSG00000128573",227.92358895217,0.452678357864259,0.171632046464757,2.6374932140497,0.00835212966001922,0.0119605404690004,"FOXP2"
"ENSG00000019485",724.457061964858,0.45263530799458,0.0658195071214144,6.87691731206105,6.11615863235019e-12,1.36096773052097e-11,"PRDM11"
"ENSG00000198046",736.527774145808,0.447991811259809,0.0622522111694052,7.19639998072841,6.1823099995284e-13,1.42072074431084e-12,"ZNF667"
"ENSG00000006194",1956.23889292767,0.446392119130443,0.0404660620599266,11.0312715497094,2.70019994635463e-28,9.03446811745378e-28,"ZNF263"
"ENSG00000074657",7222.54779563679,0.440238331132971,0.0508606982150106,8.65576656600132,4.89609781450058e-18,1.29658475377931e-17,"ZNF532"
"ENSG00000118260",2701.94547059956,0.440159888126839,0.0334789895577079,13.1473468566945,1.76250962770939e-39,7.19574038003849e-39,"CREB1"
"ENSG00000105497",832.192927863133,0.440135387642781,0.0445304508548874,9.88391941229299,4.88827031029105e-23,1.45978557807433e-22,"ZNF175"
"ENSG00000196132",1101.27055109227,0.41852833719101,0.195836123381272,2.13713552926177,0.0325869699107075,0.0442361312121206,"MYT1"
"ENSG00000077092",548.217464498094,0.415816135047856,0.0957307569593987,4.3436001997165,1.40166502096913e-05,2.40566085550907e-05,"RARB"
"ENSG00000116833",161.901636739295,0.413246997544475,0.0942107186077313,4.3864116912761,1.15235918543089e-05,1.98559554571273e-05,"NR5A2"
"ENSG00000143390",2395.2621295162,0.410440320818299,0.0396814036802713,10.3433921875692,4.48379169173485e-25,1.40289163221623e-24,"RFX5"
"ENSG00000151090",861.858495620983,0.404072057598967,0.0898803086320063,4.4956683365802,6.93517658055679e-06,1.20880459108116e-05,"THRB"
"ENSG00000152926",1576.05980419973,0.395370021291333,0.0852869991477184,4.63575955587963,3.55629164478735e-06,6.28731074517997e-06,"ZNF117"
"ENSG00000165462",5.08431427789863,0.391825781069868,0.161672321326932,2.42357985494327,0.0153683740341012,0.021524713347913,"PHOX2A"
"ENSG00000081189",3231.04705503328,0.38695551352875,0.0655032806905305,5.9074218794768,3.47503024361216e-09,7.0064949470281e-09,"MEF2C"
"ENSG00000168610",13723.7888237624,0.385267199569964,0.0453329711269307,8.49860906957168,1.91875911157654e-17,5.01001539313063e-17,"STAT3"
"ENSG00000117036",1427.39843111327,0.381886509974347,0.0532794810540403,7.16760941396948,7.63186684997718e-13,1.74873989247523e-12,"ETV3"
"ENSG00000149054",24.4878517168259,0.378390319412568,0.135484981900628,2.79285802828022,0.00522446161987348,0.00760734035185682,"ZNF215"
"ENSG00000221818",95.9278603770389,0.378043607003927,0.150117755695274,2.51831374145589,0.0117918232235078,0.0166748219460456,"EBF2"
"ENSG00000164330",425.678663637164,0.377836545938333,0.107383804841161,3.51856172816019,0.000433892860850596,0.000683167264527386,"EBF1"
"ENSG00000197114",211.507041394416,0.377322991931177,0.0646976788721079,5.83209472904053,5.47358274856808e-09,1.09524748969072e-08,"ZGPAT"
"ENSG00000144852",18.5370616614722,0.376112675323585,0.102773366392408,3.65963175602829,0.000252577950998938,0.000403971068881644,"NR1I2"
"ENSG00000050344",459.346786098478,0.37269372849388,0.0964241242611364,3.86515025518457,0.000111020832230657,0.000181484038886287,"NFE2L3"
"ENSG00000159882",381.653114881714,0.368800605025127,0.0486667508539679,7.57808151466224,3.50702043353398e-14,8.37282590394664e-14,"ZNF230"
"ENSG00000113658",4137.33636707272,0.351818043670436,0.0441574580511902,7.9673527235781,1.62109475565253e-15,4.02005715390547e-15,"SMAD5"
"ENSG00000007372",1046.50447341984,0.349171714179993,0.100107397143715,3.48797116040008,0.000486700572545994,0.000763734998330316,"PAX6"
"ENSG00000187098",575.498368820776,0.342932745175341,0.0745541842749091,4.59977865106565,4.22940102487238e-06,7.44933481882386e-06,"MITF"
"ENSG00000182568",2215.01029443818,0.340809939615303,0.0875836094712616,3.89125250343937,9.97280819575013e-05,0.000163502352133907,"SATB1"
"ENSG00000120690",2035.53453491758,0.336296226543325,0.0520666706831482,6.45895391679365,1.05429208653666e-10,2.24620250136281e-10,"ELF1"
"ENSG00000119715",63.150333788306,0.320915225503882,0.0999050861106455,3.21220108001775,0.00131722145186552,0.00200647132488938,"ESRRB"
"ENSG00000162702",1267.01375387309,0.313575474445584,0.0525119957639301,5.97150174705368,2.35079543776525e-09,4.76862944436843e-09,"ZNF281"
"ENSG00000086102",2205.92012982433,0.308164433506011,0.0461422001798582,6.67858126194271,2.41266434599601e-11,5.25784565979237e-11,"NFX1"
"ENSG00000135373",32.4088422745977,0.30689145524721,0.140229397216615,2.18849585991694,0.0286335025066137,0.0390900112871871,"EHF"
"ENSG00000101096",839.712400376073,0.305944265667994,0.0869246363412826,3.51964964761888,0.000432117188420168,0.000680471337494563,"NFATC2"
"ENSG00000174738",1955.39662298915,0.304966104476186,0.0635103757482986,4.80183121077434,1.57221193951028e-06,2.82757746508264e-06,"NR1D2"
"ENSG00000137338",742.112120082897,0.294393232256873,0.0450682273101569,6.53216800010518,6.48243803860767e-11,1.39121716523022e-10,"PGBD1"
"ENSG00000185811",725.718771448885,0.287686037803744,0.0968677692728462,2.96988399715722,0.00297912222340477,0.00442010128440873,"IKZF1"
"ENSG00000181827",1515.93514543218,0.284618104252422,0.062139511320888,4.58030805525097,4.64291553704987e-06,8.16319068723595e-06,"RFX7"
"ENSG00000204946",1170.67163737917,0.280286490248401,0.0600013284470661,4.67133807705062,2.992439447877e-06,5.31181523572513e-06,"ZNF783"
"ENSG00000139651",1872.86264244738,0.280048046591917,0.0390210623563753,7.17684321442268,7.13394177721193e-13,1.63576518010767e-12,"ZNF740"
"ENSG00000268041",29.1221468339087,0.27675369257279,0.101489797266115,2.72691147315152,0.00639301883575547,0.00923964355259792,"ERFL"
"ENSG00000136866",570.425925314694,0.27273882236122,0.0707867040575668,3.8529668246655,0.000116695206594902,0.000190510172906918,"ZFP37"
"ENSG00000166716",3023.69642682003,0.271657341095489,0.0472295111102799,5.75185587801608,8.82690353277002e-09,1.75172849876633e-08,"ZNF592"
"ENSG00000007968",514.120587242357,0.264872005833972,0.1188220331844,2.22914891064788,0.0258039985075118,0.0354183405234009,"E2F2"
"ENSG00000120693",1457.51018018356,0.262851943553024,0.0819653079060953,3.20686825033542,0.0013418843634237,0.00204253110307261,"SMAD9"
"ENSG00000057657",559.260638462239,0.257367925757783,0.0797358874013495,3.22775520716694,0.00124765692597158,0.00190385887013656,"PRDM1"
"ENSG00000164749",307.85670846805,0.255735687729388,0.104835041688092,2.43941036900868,0.0147112516192531,0.0206359428519299,"HNF4G"
"ENSG00000140262",13595.1624525642,0.246560511962337,0.0717013655169983,3.43871431435827,0.000584483689893139,0.00091263787078892,"TCF12"
"ENSG00000167967",1684.99872439394,0.24649179747193,0.0436221493419494,5.65061101276113,1.59878514849815e-08,3.13881337730333e-08,"E4F1"
"ENSG00000185630",6113.21197628536,0.245691761062946,0.0660697105165997,3.71867470194557,0.000200270760655107,0.000322126914889069,"PBX1"
"ENSG00000197054",90.8020890415904,0.239596780758131,0.063222637859488,3.78973084436358,0.000150810605137484,0.00024454516857975,"ZNF763"
"ENSG00000181220",2023.77449995478,0.230569310849028,0.0406874444173338,5.66684180220472,1.45453519040921e-08,2.86011660076284e-08,"ZNF746"
"ENSG00000100968",1399.89917995549,0.229203341870676,0.102057552040131,2.24582441268578,0.0247152569627744,0.0339787268517749,"NFATC4"
"ENSG00000165156",3493.23017547997,0.215459376222717,0.0572707669716963,3.76211787645866,0.000168480603476441,0.000272357848178174,"ZHX1"
"ENSG00000188786",1079.24767400626,0.214676253775434,0.0484028714417135,4.43519666046974,9.19882752288654e-06,1.59280037243744e-05,"MTF1"
"ENSG00000143373",2372.3432507371,0.214385372225252,0.0512584140132045,4.18244255801642,2.88393896046072e-05,4.86804249403128e-05,"ZNF687"
"ENSG00000127903",354.376941394375,0.21005757240391,0.0663504303318598,3.16588108552244,0.00154613986697802,0.00234438724486879,"ZNF835"
"ENSG00000173757",4137.48277755373,0.207250625443597,0.0414757792664378,4.9969073302332,5.82570461251731e-07,1.0687000758893e-06,"STAT5B"
"ENSG00000188283",693.089262860586,0.20512591210602,0.0484843683964694,4.23076382946049,2.32899100393185e-05,3.95107080515201e-05,"ZNF383"
"ENSG00000180592",153.046160982109,0.204187420654686,0.0933876839433157,2.18644913368473,0.0287827622722631,0.0392857786413172,"SKIDA1"
"ENSG00000198081",714.540445369974,0.202039955153116,0.0313835065169789,6.43777504734246,1.21237498972642e-10,2.5777807809311e-10,"ZBTB14"
"ENSG00000115966",2956.50271581314,0.200765543300521,0.0313671457974121,6.40050403684113,1.5486485603716e-10,3.27977164410545e-10,"ATF2"
"ENSG00000133794",1900.6088506368,0.188248833915226,0.0731152050427639,2.5746879025385,0.0100330572947361,0.0142743115005007,"BMAL1"
"ENSG00000182158",2668.08502738186,0.179003229629699,0.0677252125834752,2.64308110379228,0.00821553535379313,0.0117709040755821,"CREB3L2"
"ENSG00000172059",402.921511217167,0.172717543774205,0.0778424362076667,2.21880958752926,0.026499681480012,0.0363304597658281,"KLF11"
"ENSG00000168152",353.731091553257,0.15944497489202,0.0648568898809014,2.45841228564635,0.0139552862178562,0.0196126567882111,"THAP9"
"ENSG00000139083",1851.70328269076,0.150728973240404,0.0528846931673472,2.85014366564329,0.00436994855316251,0.00640009340816247,"ETV6"
"ENSG00000106459",1086.31001294802,0.145541703101197,0.034385151126492,4.2326905170722,2.3091215900588e-05,3.91860235283068e-05,"NRF1"
"ENSG00000204859",1094.09351750228,0.139530753616641,0.0465941077557619,2.99460082695512,0.00274804214134918,0.0040892404130933,"ZBTB48"
"ENSG00000197062",1011.38651522356,0.107902164259156,0.0419133504189183,2.57441037713971,0.0100411096891094,0.0142846310990609,"ZSCAN26"
"ENSG00000110925",2409.7831254877,-0.0853600598661531,0.0357996659816928,-2.38438146070425,0.0171078586124305,0.0238656563273883,"CSRNP2"
"ENSG00000164011",653.731677732958,-0.117166852870813,0.0428205290509041,-2.7362308562682,0.00621474099575792,0.00899167570991315,"ZNF691"
"ENSG00000160199",1105.00422442102,-0.126207656379264,0.0316847433851462,-3.98323113572793,6.79845765093068e-05,0.000112456352593763,"PKNOX1"
"ENSG00000102974",2771.79954708468,-0.127305811410997,0.035880822779769,-3.54801817651676,0.000388141434604158,0.000612912636642408,"CTCF"
"ENSG00000181135",423.983758339323,-0.139020464294647,0.0461803572469691,-3.01038087581644,0.00260920274574696,0.00389008673112226,"ZNF707"
"ENSG00000197063",1723.89832716812,-0.162682916543965,0.0517901812508938,-3.14119226105541,0.00168261535164781,0.00254448901148331,"MAFG"
"ENSG00000109787",2978.40481932443,-0.163738724503883,0.0510586974501619,-3.20687233871775,0.00134186529364612,0.00204253110307261,"KLF3"
"ENSG00000177606",13726.8510419119,-0.164931898254663,0.0756716355899965,-2.17957358749711,0.0292890844233719,0.039953475608198,"JUN"
"ENSG00000120798",892.446501945217,-0.169659951310577,0.048760726183699,-3.47943856847841,0.000502465553608629,0.000787782089574241,"NR2C1"
"ENSG00000140044",1030.22958124859,-0.17215838852571,0.0669321957779749,-2.57213119224099,0.0101074582291047,0.0143744442144566,"JDP2"
"ENSG00000198546",187.525805660952,-0.181534431359263,0.0603407389836154,-3.00848869962556,0.00262550565947077,0.00391276141432257,"ZNF511"
"ENSG00000115415",9934.99685256609,-0.182366143792349,0.0861749607850918,-2.11623123620729,0.0343251458095861,0.0464897694533167,"STAT1"
"ENSG00000112242",1272.63636671457,-0.186984164459315,0.0682413005197296,-2.74004397681803,0.00614309641599812,0.0088918560256826,"E2F3"
"ENSG00000100219",3846.11468840043,-0.19449716693076,0.0683411350621982,-2.84597507421768,0.00442756604383727,0.0064814694359727,"XBP1"
"ENSG00000107175",3180.11654883121,-0.200563109483685,0.0627293325989629,-3.19727791089238,0.0013873119549808,0.00210910426580799,"CREB3"
"ENSG00000118707",1061.64926040047,-0.204662010314767,0.0776728866204024,-2.63492216164151,0.00841565795460839,0.0120486199011656,"TGIF2"
"ENSG00000171163",1224.24031556423,-0.207289169814593,0.0802031034747696,-2.5845529765541,0.00975053239396343,0.0138889345979825,"ZNF692"
"ENSG00000169016",1013.00938626068,-0.207809009746752,0.0356705981208594,-5.82577867190934,5.68469139428757e-09,1.13693827885751e-08,"E2F6"
"ENSG00000111269",3004.14280617883,-0.207920344077335,0.0646390696769852,-3.21663577641751,0.00129703144412349,0.0019769519288996,"CREBL2"
"ENSG00000121864",1996.07173028026,-0.217828070636223,0.0526551269744989,-4.13688244910544,3.52056347665078e-05,5.91510248438971e-05,"ZNF639"
"ENSG00000143842",2424.39871320498,-0.218752698638742,0.101091200658928,-2.16391433886311,0.0304709242590829,0.0414822842275212,"SOX13"
"ENSG00000154727",1464.1363680684,-0.224672074048014,0.0413649928803741,-5.43145443534238,5.58965891000067e-08,1.07215423066653e-07,"GABPA"
"ENSG00000170122",23.6901884224325,-0.250898804905285,0.110671536510329,-2.26705811463879,0.0233866758308143,0.0322215621534601,"FOXD4"
"ENSG00000006468",9270.39134123355,-0.252873144287441,0.0943024578647665,-2.68151170195448,0.00732903510911785,0.0105407451743652,"ETV1"
"ENSG00000136997",1846.51328199467,-0.253009202512634,0.090813413081378,-2.78603340550489,0.00533573726924058,0.00776430985670545,"MYC"
"ENSG00000124444",735.241814637757,-0.254966324370627,0.0459685506589634,-5.5465382465982,2.91380912688866e-08,5.66044546023205e-08,"ZNF576"
"ENSG00000177426",2244.5292726714,-0.258064223655348,0.0591701181660114,-4.36139442769586,1.29236150765741e-05,2.2222601744637e-05,"TGIF1"
"ENSG00000136826",367.699375807846,-0.260161525588532,0.0898983547911056,-2.89395202162556,0.00380426286123755,0.00559805296037135,"KLF4"
"ENSG00000153879",2632.13499390297,-0.261509967828538,0.0500831543375809,-5.22151552328063,1.7746475004964e-07,3.33198361834433e-07,"CEBPG"
"ENSG00000129535",130.206369308215,-0.263841025725596,0.0574453642096588,-4.59290369824539,4.37120810246138e-06,7.69480685858651e-06,"NRL"
"ENSG00000102034",593.408264179659,-0.264264200541737,0.0951374059357779,-2.77771080620095,0.00547433168430411,0.00795540969344478,"ELF4"
"ENSG00000103343",491.76808889207,-0.271600619807377,0.0327220593659766,-8.30023003044175,1.03910005121753e-16,2.66528417728365e-16,"ZNF174"
"ENSG00000171223",5096.64100607356,-0.274354296272137,0.106190083861781,-2.58361502594953,0.00977708588106422,0.0139237997967393,"JUNB"
"ENSG00000213999",7.41543723556484,-0.274895847695211,0.121450006579631,-2.2634486027382,0.0236080495554906,0.0325123669241028,"MEF2B"
"ENSG00000168214",4306.75494770036,-0.275170770587518,0.0595603353240854,-4.62003393853027,3.83677278424456e-06,6.77135477164109e-06,"RBPJ"
"ENSG00000099326",1174.88314420025,-0.277267481360402,0.0741190555540888,-3.74083937372981,0.000183406711768183,0.000295817988722063,"MZF1"
"ENSG00000101190",833.352965289817,-0.278572661148667,0.0595963847560125,-4.67432147586037,2.9492705161628e-06,5.2377872471482e-06,"TCFL5"
"ENSG00000126456",1827.98640037007,-0.294610494076497,0.0521765901273606,-5.64641141472386,1.63831521074254e-08,3.21536146124728e-08,"IRF3"
"ENSG00000229809",705.815431138933,-0.299454053892216,0.0501413621586924,-5.97219622682914,2.34080735377751e-09,4.74872765006819e-09,"ZNF688"
"ENSG00000166823",218.516615176389,-0.304903325103478,0.0884108566730337,-3.44870909045808,0.000563273185552677,0.000880441641183582,"MESP1"
"ENSG00000159216",1895.79898856876,-0.309457785172328,0.106153161656293,-2.91520083192909,0.00355459721149638,0.00524231492400794,"RUNX1"
"ENSG00000152977",2592.19073161802,-0.312700687611585,0.110221367902263,-2.83702419560667,0.00455361610641263,0.00666072070939359,"ZIC1"
"ENSG00000025434",973.713579263875,-0.314570205100325,0.0654281082603852,-4.80787559757077,1.52542637296167e-06,2.74527609178667e-06,"NR1H3"
"ENSG00000197905",394.145162130071,-0.318914107372702,0.109667281601776,-2.90801506807422,0.0036373081129665,0.00535987535595915,"TEAD4"
"ENSG00000100811",4228.48792483404,-0.32580784069454,0.0321643096330928,-10.1294834060212,4.08803461051955e-24,1.25147059532309e-23,"YY1"
"ENSG00000005513",8281.48994911072,-0.329541416230126,0.143551664104727,-2.29562936999261,0.0216970819957695,0.0299830283355948,"SOX8"
"ENSG00000186350",3412.29790470354,-0.332373410137444,0.0636179988538335,-5.22451847158999,1.74608897606023e-07,3.28008602647944e-07,"RXRA"
"ENSG00000010030",140.508921024507,-0.337540482353426,0.139545447260459,-2.41885700307666,0.0155693593662413,0.0217953963471664,"ETV7"
"ENSG00000106852",112.850263476252,-0.346636555384852,0.131272270057424,-2.64059237516971,0.00827612274327961,0.0118548611813439,"LHX6"
"ENSG00000170485",741.466629440675,-0.348216057195877,0.104884811612434,-3.31998553310645,0.000900221130150948,0.00138734728160784,"NPAS2"
"ENSG00000111783",3559.66119217396,-0.355081442074571,0.0953752433050801,-3.7229938270119,0.000196874337212977,0.000316911017800078,"RFX4"
"ENSG00000157554",399.794549275886,-0.355580234720133,0.0718688998155762,-4.94762318099473,7.51251623507807e-07,1.37091727315225e-06,"ERG"
"ENSG00000164736",78.2533329572001,-0.358353202413409,0.0854661993163354,-4.19292311206023,2.75382800683361e-05,4.65354331637777e-05,"SOX17"
"ENSG00000143178",130.040142406067,-0.366168700912287,0.0695533185835362,-5.26457555684427,1.40513603422561e-07,2.65157504959737e-07,"TBX19"
"ENSG00000065970",1309.78668362255,-0.370564041998157,0.0420022039044708,-8.82249043028701,1.11941766407304e-18,3.01263721184673e-18,"FOXJ2"
"ENSG00000112658",2102.89764298218,-0.384202156199788,0.0592037239479097,-6.48949306867634,8.61256687366707e-11,1.84071094521721e-10,"SRF"
"ENSG00000131061",243.994130029531,-0.384845750190312,0.0369668042611963,-10.4105766749841,2.21873517504873e-25,6.98805815835126e-25,"ZNF341"
"ENSG00000121068",1418.69710643484,-0.384904512493512,0.0992646162091373,-3.87756007319436,0.000105509280473244,0.000172727084698797,"TBX2"
"ENSG00000172819",571.530292102315,-0.385751752691455,0.0769436131096008,-5.01343434629172,5.34670162744138e-07,9.82542983232342e-07,"RARG"
"ENSG00000007866",669.959186636465,-0.393991029541704,0.107464875616399,-3.66623073150035,0.000246151848486248,0.0003939046497706,"TEAD3"
"ENSG00000134107",3920.37756902267,-0.407674887372384,0.100452030035137,-4.0584036701875,4.94093068194939e-05,8.23191712834472e-05,"BHLHE40"
"ENSG00000144485",5097.67890393757,-0.411845213938175,0.134782570048317,-3.05562665699679,0.00224590721440277,0.00336443838609273,"HES6"
"ENSG00000165030",1614.21596086468,-0.414693603091081,0.0714340128476713,-5.80526819871355,6.42630541530584e-09,1.28229645687903e-08,"NFIL3"
"ENSG00000105516",571.241853167293,-0.416101044233707,0.0736020261270609,-5.65339116501197,1.57312736705978e-08,3.08934543608378e-08,"DBP"
"ENSG00000124766",6882.47943220352,-0.416666961714144,0.130913433111418,-3.18276705309168,0.00145874923752419,0.00221513467172628,"SOX4"
"ENSG00000125878",13.5499517676443,-0.418036761688041,0.156203978394685,-2.67622352506142,0.00744569687187365,0.0107042245698145,"TCF15"
"ENSG00000155090",2080.70456670431,-0.418745891971965,0.0669596733428816,-6.25370272981598,4.0083365115554e-10,8.37031305329242e-10,"KLF10"
"ENSG00000112561",1217.47514431187,-0.419361734992329,0.0466322330728162,-8.99295846153229,2.40663220268537e-19,6.58201353709284e-19,"TFEB"
"ENSG00000108788",1919.66001858176,-0.428431524429876,0.0487785719448734,-8.78319121178994,1.58900706554496e-18,4.26124024767193e-18,"MLX"
"ENSG00000113916",4179.79489395045,-0.428737070231891,0.0789860033719313,-5.42801321663337,5.69848209604262e-08,1.09279315195634e-07,"BCL6"
"ENSG00000101412",1245.84458010515,-0.433100425432354,0.0983647381491599,-4.40300491397235,1.06761746851029e-05,1.84194664348702e-05,"E2F1"
"ENSG00000087903",1223.03385848756,-0.435674213604594,0.0777121732144025,-5.60625440756365,2.06751996791529e-08,4.0405686473972e-08,"RFX2"
"ENSG00000184271",1297.51327716242,-0.437593230324845,0.0498900687057524,-8.77114908190915,1.76852105639878e-18,4.7369585666646e-18,"POU6F1"
"ENSG00000133740",672.551874256346,-0.444807220984128,0.0569035541482858,-7.81686184003549,5.41564877059805e-15,1.32365524135188e-14,"E2F5"
"ENSG00000131408",2910.1408436848,-0.446140946104395,0.047387758582752,-9.4146876629607,4.7449099860868e-21,1.35604253313678e-20,"NR1H2"
"ENSG00000104856",683.852885134063,-0.447357204137069,0.0792699023923853,-5.64346858814906,1.66657944670089e-08,3.26963647832158e-08,"RELB"
"ENSG00000260428",134.156869631857,-0.450338879249736,0.154071680205291,-2.9229179473456,0.00346767884412799,0.00511975905321002,"SCX"
"ENSG00000177374",309.750948636343,-0.455642941538438,0.112030809818522,-4.06712173442763,4.75973817290341e-05,7.93768219786391e-05,"HIC1"
"ENSG00000205927",6013.47001047966,-0.460982333733096,0.143400127254536,-3.21465777303566,0.00130600122549109,0.00198994516272696,"OLIG2"
"ENSG00000153560",2434.47448696384,-0.461729297003654,0.0359086916310644,-12.8584271949417,7.71300964954645e-38,3.06701927301137e-37,"UBP1"
"ENSG00000204231",2671.68695643828,-0.466624118883627,0.0351895721594007,-13.2602953161785,3.93343746763384e-40,1.62393953613327e-39,"RXRB"
"ENSG00000077150",801.857469056887,-0.4690805686154,0.0692987617634471,-6.76896032019472,1.29711107878775e-11,2.85588077174474e-11,"NFKB2"
"ENSG00000165244",527.434231629403,-0.470112196295699,0.0959626058115827,-4.89891028197733,9.63696327908037e-07,1.75037721734633e-06,"ZNF367"
"ENSG00000136535",87.8110318730325,-0.472703384297984,0.177941632442738,-2.6565080796935,0.00789545589352118,0.0113295577866901,"TBR1"
"ENSG00000198911",5496.64667060169,-0.474361618291241,0.0682481700664695,-6.95053974090796,3.63891269395983e-12,8.14903730387648e-12,"SREBF2"
"ENSG00000126351",7945.36331909144,-0.47625218464217,0.078425061693105,-6.07270398467588,1.2577417658764e-09,2.57757525012474e-09,"THRA"
"ENSG00000106511",1535.3962237436,-0.48026291401449,0.190545615387047,-2.52046163874699,0.0117201012512934,0.0165795197159854,"MEOX2"
"ENSG00000120837",1305.22804045078,-0.482785117940894,0.0442961779253008,-10.8990242624328,1.16499858225431e-27,3.8456138577442e-27,"NFYB"
"ENSG00000162772",2039.70003514234,-0.483901053293233,0.111505295399527,-4.33971365718012,1.42668495476259e-05,2.44703616449429e-05,"ATF3"
"ENSG00000123685",433.972075620951,-0.486428684254641,0.116305796345255,-4.18232538308473,2.88542613637965e-05,4.87039954047478e-05,"BATF3"
"ENSG00000196456",491.167116215126,-0.488916928860206,0.0675272804833103,-7.24028756024084,4.4773439999174e-13,1.03378478665276e-12,"ZNF775"
"ENSG00000070444",790.56808826125,-0.489696341974466,0.0506797224321952,-9.66256953418864,4.34818343483505e-22,1.27145605901179e-21,"MNT"
"ENSG00000126778",391.076297800735,-0.496245716941157,0.158441875525808,-3.13203637166189,0.00173598367822584,0.00262186721665816,"SIX1"
"ENSG00000126767",1931.66962921126,-0.496480825954431,0.0469736520423013,-10.5693469502293,4.13362984803656e-26,1.32123422687481e-25,"ELK1"
"ENSG00000116044",5202.55185777053,-0.502539571077027,0.0412299614849754,-12.1886985332295,3.5707842832223e-34,1.333301616864e-33,"NFE2L2"
"ENSG00000170260",856.372270834167,-0.512469351577593,0.0400918907703157,-12.7823692455291,2.05706267081101e-37,8.11537324650812e-37,"ZNF212"
"ENSG00000160113",756.00175098387,-0.512918968756486,0.0549270059185521,-9.33819275561937,9.799239632575e-21,2.78007097833128e-20,"NR2F6"
"ENSG00000184481",695.858274138332,-0.519362089708445,0.0678185725446068,-7.65811001649793,1.88689219648696e-14,4.54470882281218e-14,"FOXO4"
"ENSG00000168310",1584.79829544628,-0.52254629523183,0.0471898479737566,-11.073277784714,1.69100074585984e-28,5.6790941767969e-28,"IRF2"
"ENSG00000170608",17.4304720435312,-0.522871536079592,0.220330237739531,-2.37312654606091,0.0176382197148153,0.0245735583599866,"FOXA3"
"ENSG00000134323",437.199574431723,-0.523508023861115,0.143688588381141,-3.64335142935976,0.000269111012895632,0.000429709132919835,"MYCN"
"ENSG00000198914",4408.43317221091,-0.527119358776505,0.0814903000827841,-6.46849205661308,9.89857199613067e-11,2.11093443515098e-10,"POU3F3"
"ENSG00000143032",4.1811328762832,-0.527337928786629,0.180205458279684,-2.92631496193742,0.00343003483432346,0.0050654355499781,"BARHL2"
"ENSG00000126705",2666.19089907003,-0.530989105390058,0.0698151783293267,-7.60563989230704,2.83497660045166e-14,6.78981579836671e-14,"AHDC1"
"ENSG00000129654",1777.78861996093,-0.550765653234893,0.165389701447034,-3.33010851592399,0.000868121440238736,0.00133926322630629,"FOXJ1"
"ENSG00000198176",3481.71858742111,-0.552687695530643,0.061136424301598,-9.04023586338852,1.56334127753039e-19,4.29462436381196e-19,"TFDP1"
"ENSG00000184486",3137.41758710963,-0.554905572298643,0.0905337038771989,-6.12927063109364,8.8282846936503e-10,1.82064913776768e-09,"POU3F2"
"ENSG00000164683",5414.91406642491,-0.55706089611436,0.0744734726507024,-7.47999087845819,7.43277700775648e-14,1.75841190081607e-13,"HEY1"
"ENSG00000095794",1382.0197406915,-0.559856936833202,0.073419922865609,-7.62540894871258,2.43261962554483e-14,5.83737286906499e-14,"CREM"
"ENSG00000128272",10642.9948058254,-0.570504396650971,0.0580214857468055,-9.83264025917126,8.14547440467656e-23,2.41941836529004e-22,"ATF4"
"ENSG00000197587",48.0764377615117,-0.570637135179052,0.195929282126787,-2.91246478823819,0.00358588626814816,0.0052862795917173,"DMBX1"
"ENSG00000141510",3422.49859004414,-0.582828097887554,0.0659093704119396,-8.84287157114117,9.32894374724342e-19,2.51583150110445e-18,"TP53"
"ENSG00000204304",1651.27778296171,-0.583734228602733,0.0478648214221825,-12.1954749074277,3.28582760351919e-34,1.22758482646383e-33,"PBX2"
"ENSG00000124440",908.981857152543,-0.583756328852838,0.157410709941962,-3.70849181144074,0.000208497401696409,0.000335027552357397,"HIF3A"
"ENSG00000187140",66.8531466266022,-0.58887504171023,0.181576128756884,-3.24313028227784,0.00118224137562466,0.00180691707341426,"FOXD3"
"ENSG00000181449",12868.5884305822,-0.590815080752174,0.075781654883267,-7.79628106119162,6.37582935058924e-15,1.55486396303143e-14,"SOX2"
"ENSG00000179772",147.88353415298,-0.60863384864674,0.103402445282625,-5.88606823545797,3.95491082566332e-09,7.95908923581204e-09,"FOXS1"
"ENSG00000171425",722.022398699679,-0.61154864571493,0.0617254724625613,-9.90755714483767,3.85967697114897e-23,1.15622159668568e-22,"ZNF581"
"ENSG00000122691",307.400653702598,-0.611960788798174,0.151117007774158,-4.04958249115639,5.13090896080191e-05,8.54020951505601e-05,"TWIST1"
"ENSG00000105672",53.4760627568938,-0.612397037393045,0.0929820058359816,-6.58618871347324,4.51260199292930e-11,9.73841770767192e-11,"ETV2"
"ENSG00000178860",109.998918071966,-0.616233822851236,0.162713056874398,-3.7872426140142,0.000152328346489395,0.00024693905200581,"MSC"
"ENSG00000122859",4.3458098764862,-0.617367043152825,0.175743704969739,-3.51288282706415,0.000443272913444177,0.000697322093027072,"NEUROG3"
"ENSG00000116604",2178.38740475322,-0.617459876102806,0.050828003041559,-12.1480254811102,5.8767771823317e-34,2.18703210794601e-33,"MEF2D"
"ENSG00000178573",2253.63098665219,-0.620821444092925,0.0688825477227314,-9.01275380509848,2.00946016545053e-19,5.50492320532097e-19,"MAF"
"ENSG00000138795",904.492333530079,-0.624992324174305,0.0834702856766968,-7.48760255350115,7.01430527150997e-14,1.66095032641133e-13,"LEF1"
"ENSG00000066136",1841.43802726837,-0.626993067853815,0.0328396357458007,-19.0925707187233,2.91086078853596e-81,2.13367647304001e-80,"NFYC"
"ENSG00000135457",1867.95310376973,-0.630626644394455,0.0489997302854964,-12.8700023596072,6.64001237878313e-38,2.64250518604774e-37,"TFCP2"
"ENSG00000089225",168.499217282158,-0.63449002813115,0.303106471994306,-2.09329092828829,0.0363231919696911,0.0490769366712619,"TBX5"
"ENSG00000135374",16.1760951922863,-0.636545677355342,0.213791485342237,-2.97741360623582,0.00290691558545388,0.00431714876530523,"ELF5"
"ENSG00000171443",461.098609604037,-0.641944623868227,0.0610534523161079,-10.5144688713837,7.40971191316417e-26,2.35811124874294e-25,"ZNF524"
"ENSG00000136327",4.38474332946482,-0.645707787259102,0.28446298134263,-2.26991851175658,0.0232125277121528,0.0319923091690505,"NKX2-8"
"ENSG00000116035",214.34121015552,-0.659980918806114,0.115334311370464,-5.72232938285121,1.05073344597539e-08,2.07875461606211e-08,"VAX2"
"ENSG00000204103",3086.23265956654,-0.667507992693329,0.113642005769294,-5.87377869806738,4.25971942823155e-09,8.56286465326528e-09,"MAFB"
"ENSG00000125952",2004.21921491431,-0.668724286114748,0.0367415019489383,-18.2007879548341,5.0870765030616e-74,3.41519916341477e-73,"MAX"
"ENSG00000130751",126.160997596112,-0.669647681240498,0.107828718225412,-6.21029065596998,5.28866885527834e-10,1.10002507323353e-09,"NPAS1"
"ENSG00000183734",40.3387340477658,-0.66988476159399,0.100589342623682,-6.65959975601108,2.74574287614378e-11,5.97158158302971e-11,"ASCL2"
"ENSG00000185122",2604.00612760529,-0.67999234084385,0.0449986079338712,-15.1114083760802,1.36197334971506e-51,6.7350247684508e-51,"HSF1"
"ENSG00000105722",3589.04923628484,-0.684785682963798,0.0667571001715579,-10.2578704168392,1.09085872198233e-24,3.38347887432339e-24,"ERF"
"ENSG00000139352",1840.01239592422,-0.68556379888507,0.145014731262057,-4.72754590460318,2.272496985866e-06,4.05763044609951e-06,"ASCL1"
"ENSG00000167034",81.6911138306516,-0.693591599215321,0.109412898087539,-6.33921239030149,2.30942692900692e-10,4.86274355803852e-10,"NKX3-1"
"ENSG00000175879",189.575529495371,-0.695133626594628,0.191270643852208,-3.63429333741223,0.000278743583251209,0.000444666528184627,"HOXD8"
"ENSG00000243943",1378.19631950967,-0.699785719131874,0.0433457232092712,-16.1442852332476,1.24583308001193e-58,6.81201054270157e-58,"ZNF512"
"ENSG00000196453",1058.28659851442,-0.700182025813065,0.0478428517742285,-14.6350395063664,1.67878148128081e-48,7.93721491246608e-48,"ZNF777"
"ENSG00000103241",216.164087757148,-0.703072928562605,0.135176384488768,-5.20115204457938,1.98056988796824e-07,3.71185566326397e-07,"FOXF1"
"ENSG00000180806",90.4969855795044,-0.704296598282225,0.20658553075493,-3.40922520424591,0.00065147674927244,0.00101390818787296,"HOXC9"
"ENSG00000139445",47.6214542935966,-0.709501965643274,0.174865344473267,-4.05741896875249,4.96180241595008e-05,8.26617726213165e-05,"FOXN4"
"ENSG00000170365",2353.27783296071,-0.713391539633235,0.0527509701844982,-13.5237614993265,1.13234619617342e-41,4.79074354228644e-41,"SMAD1"
"ENSG00000149922",100.549780363103,-0.716837350493438,0.0866453237899314,-8.27323759827346,1.30369533328019e-16,3.33535563371255e-16,"TBX6"
"ENSG00000167081",1480.15414551523,-0.722897347927863,0.0697856385396247,-10.3588268740623,3.81613610692642e-25,1.19559929878434e-24,"PBX3"
"ENSG00000043039",11.3980355660253,-0.728099562104694,0.157841220530945,-4.6128606941553,3.9716450141852e-06,7.00408406572219e-06,"BARX2"
"ENSG00000126003",991.701608805922,-0.731608931794766,0.0542642671163203,-13.4823332309362,1.987216536735e-41,8.37780001031636e-41,"PLAGL2"
"ENSG00000175832",836.458306179229,-0.737430888582891,0.135016616373483,-5.46177876760745,4.71387300341227e-08,9.07121612661956e-08,"ETV4"
"ENSG00000182968",261.653719338007,-0.752987681899746,0.198297373056876,-3.79726503832088,0.000146301340291643,0.000237362395946578,"SOX1"
"ENSG00000168062",399.460332862012,-0.754331082023129,0.125040964460295,-6.03267165507713,1.61270886812667e-09,3.29295417950683e-09,"BATF2"
"ENSG00000148826",327.988248791442,-0.756568756885056,0.203736300854361,-3.71347056814329,0.000204436249915536,0.000328669219387005,"NKX6-2"
"ENSG00000111145",1815.90437082038,-0.759576296162157,0.0716270421313882,-10.6046023060514,2.83668245903203e-26,9.09889522203957e-26,"ELK3"
"ENSG00000113196",0.992216630330508,-0.76503161999685,0.303474181869593,-2.52091171408312,0.0117051215952826,0.0165592026704312,"HAND1"
"ENSG00000088881",1387.57966555155,-0.769578477158303,0.0780110953409515,-9.86498745844832,5.90418271667194e-23,1.75973845971649e-22,"EBF4"
"ENSG00000141448",20.0828352306548,-0.770974744312578,0.253124837122298,-3.04582811026197,0.00232040448253792,0.00347254594203072,"GATA6"
"ENSG00000168505",133.329219129296,-0.772050113438708,0.179782315573959,-4.2943607160355,1.75197428386144e-05,2.99109943468485e-05,"GBX2"
"ENSG00000251493",207.368974040125,-0.774206263387318,0.113202251143299,-6.83914193903508,7.96689200916489e-12,1.76554121981468e-11,"FOXD1"
"ENSG00000064195",7.87155097040484,-0.780287974286708,0.214068941752065,-3.64503121237661,0.000267359351323968,0.000426962973020982,"DLX3"
"ENSG00000128714",260.23018463773,-0.780528010414282,0.235559124046106,-3.31351211113143,0.000921321168988424,0.00141872350208226,"HOXD13"
"ENSG00000213676",2676.05158333401,-0.789583053282722,0.0356030193274033,-22.1774183257257,5.67428435257064e-109,5.73891319943001e-108,"ATF6B"
"ENSG00000138136",23.4303200449227,-0.791865601770648,0.241400899026284,-3.28029267896152,0.00103699448487194,0.00159104506112143,"LBX1"
"ENSG00000135547",567.637092940615,-0.799398072941645,0.0980640924989151,-8.15179187989211,3.58571007076327e-16,9.06723120864297e-16,"HEY2"
"ENSG00000131196",516.084527048271,-0.80014114512442,0.0751711718837198,-10.6442553052404,1.85461268563606e-26,5.97168138208588e-26,"NFATC1"
"ENSG00000284691",304.540896348747,-0.802120839010757,0.0548783288823821,-14.616349574527,2.20932637483899e-48,1.04217247834753e-47,""
"ENSG00000108511",16.3396458992983,-0.806828636858267,0.241617671031392,-3.33927826310949,0.000839963789644759,0.00129686849829602,"HOXB6"
"ENSG00000131931",346.08005142991,-0.815806375370645,0.0399208648376949,-20.43558872503,8.07134963031491e-93,6.77462857703145e-92,"THAP1"
"ENSG00000171532",137.210320060743,-0.819090153625495,0.184750898362342,-4.43348400947453,9.27223874712792e-06,1.60514896702427e-05,"NEUROD2"
"ENSG00000179348",172.378072106748,-0.821967020260859,0.103074101356316,-7.97452521482001,1.52967714761122e-15,3.79563748022116e-15,"GATA2"
"ENSG00000102554",119.343834000973,-0.823815886193639,0.138156279178382,-5.96292757081247,2.4775826290454e-09,5.02315970084755e-09,"KLF5"
"ENSG00000183770",40.9667839343365,-0.84837284045644,0.100357871979194,-8.45347578346738,2.82756604864366e-17,7.35397524260277e-17,"FOXL2"
"ENSG00000020633",249.121196778098,-0.854654095884639,0.087079419987069,-9.81465076376889,9.73745736777878e-23,2.88875927022207e-22,"RUNX3"
"ENSG00000163909",890.547408531505,-0.856850769043381,0.091976310379437,-9.31599414575935,1.20815742701621e-20,3.42088034212792e-20,"HEYL"
"ENSG00000131759",1413.65205587655,-0.861958503529494,0.0635133761294452,-13.5712909005617,5.92689178629449e-42,2.52187952452296e-41,"RARA"
"ENSG00000071564",3721.64179060769,-0.865820117414288,0.0635802710372683,-13.6177481361597,3.14104263771599e-42,1.34289901021331e-41,"TCF3"
"ENSG00000131668",28.9943076059212,-0.867634057705878,0.220799521892189,-3.92951058168288,8.51189310909566e-05,0.000140111983246858,"BARX1"
"ENSG00000160094",1893.02841257565,-0.869196831985243,0.0477816729352351,-18.1910087820362,6.08105608343813e-74,4.07944167578637e-73,"ZNF362"
"ENSG00000124920",1879.45795223045,-0.876605991132993,0.152721347228253,-5.7399047811099,9.47297988474014e-09,1.8777212031124e-08,"MYRF"
"ENSG00000170689",23.9658799977937,-0.877916062490332,0.223196915877547,-3.93337004249641,8.37631348372987e-05,0.000137947983353201,"HOXB9"
"ENSG00000106038",7.97233756251772,-0.883542592747964,0.239125273399645,-3.69489422923238,0.000219978340588683,0.0003530527954735,"EVX1"
"ENSG00000156925",57.3905687073473,-0.894310558976002,0.130130569152039,-6.8724094945833,6.31264313941277e-12,1.40381583107747e-11,"ZIC3"
"ENSG00000054598",410.738199849654,-0.901134562563293,0.07985498351174,-11.2846377637885,1.5628405118391e-29,5.34609273627006e-29,"FOXC1"
"ENSG00000132005",681.170309703356,-0.922670430007818,0.0506166173260334,-18.2286071008002,3.06016169181997e-74,2.05933139496954e-73,"RFX1"
"ENSG00000253831",4.57502993235401,-0.929456426933426,0.257776675199385,-3.60566535437898,0.000311354159158313,0.000495054220689464,"ETV3L"
"ENSG00000167157",39.7788552106532,-0.93241233334552,0.210835908425771,-4.42245507564378,9.75856443532792e-06,1.68694270909681e-05,"PRRX2"
"ENSG00000163623",73.6911410425435,-0.941844465575966,0.158768418802349,-5.93219024715782,2.98919967093845e-09,6.0414792610737e-09,"NKX6-1"
"ENSG00000008441",14168.254582213,-0.943719149025722,0.0673957568007437,-14.0026493331893,1.50166629294664e-44,6.67332587255778e-44,"NFIX"
"ENSG00000170577",29.1031927710901,-0.946434255004575,0.183692097529006,-5.15228617744498,2.57329944635445e-07,4.79723123064911e-07,"SIX2"
"ENSG00000175745",2941.94891248092,-0.946952787759469,0.064053582945738,-14.7837598493384,1.86460096725644e-49,8.93309587117747e-49,"NR2F1"
"ENSG00000125398",8096.67803131122,-0.951824007418447,0.080802219461756,-11.7796765207539,4.96833730479652e-32,1.78313572674958e-31,"SOX9"
"ENSG00000008196",52.9683120112629,-0.96853824053441,0.282132269841402,-3.43292258300996,0.000597112567845324,0.00093181458476581,"TFAP2B"
"ENSG00000173039",3559.76778423213,-0.983418884151494,0.0352701549739243,-27.8824656392508,4.35373584642738e-171,8.82161950839767e-170,"RELA"
"ENSG00000165804",1273.81358290724,-0.999512305261219,0.0668070581488393,-14.9611782490767,1.31673943932914e-50,6.41959849913455e-50,"ZNF219"
"ENSG00000182742",183.66949870787,-1.00370059464305,0.22275890614886,-4.50577088923359,6.61324124444489e-06,1.15389108593174e-05,"HOXB4"
"ENSG00000170653",1051.06420878851,-1.00453518291812,0.0548013451898033,-18.3304840317138,4.72679994346022e-75,3.2131456041514e-74,"ATF7"
"ENSG00000178951",1160.02850288121,-1.01098582014407,0.0561587740114133,-18.0022772565976,1.86970689227417e-72,1.22997497191503e-71,"ZBTB7A"
"ENSG00000135625",15.3435778348016,-1.02189716076904,0.213478231422189,-4.78689163743385,1.69384229152348e-06,3.04214370503868e-06,"EGR4"
"ENSG00000120669",32.8498537021601,-1.0224097411973,0.149423735677251,-6.84235162883136,7.79035766603022e-12,1.7270617247132e-11,"SOHLH2"
"ENSG00000129514",9.28817139758758,-1.03157960544014,0.362396883638588,-2.84654656817887,0.00441962644833675,0.00647019993804163,"FOXA1"
"ENSG00000164379",81.4907224351141,-1.03870030607942,0.11024047737645,-9.42213178678879,4.42020981618709e-21,1.26452706038713e-20,"FOXQ1"
"ENSG00000122592",86.2725628306119,-1.04017633787936,0.186187612052057,-5.5867107720815,2.31410647503574e-08,4.51211643152896e-08,"HOXA7"
"ENSG00000260027",230.830813477891,-1.04622666830497,0.180988693121867,-5.78061894507685,7.44262951868578e-09,1.48145478420929e-08,"HOXB7"
"ENSG00000068323",3792.80339467456,-1.05035723451893,0.0503090154257347,-20.8781115199809,8.46728501817385e-97,7.46317772661851e-96,"TFE3"
"ENSG00000107807",52.1097714794361,-1.05422381703087,0.289422561157456,-3.64250738717407,0.000269995227174491,0.000431056855815819,"TLX1"
"ENSG00000028277",482.180727037573,-1.05864108000273,0.0905582646446189,-11.6901652671592,1.43107865681651e-31,5.0931965945386e-31,"POU2F2"
"ENSG00000221869",2918.12929584245,-1.05900471908144,0.101573708149001,-10.4259728071359,1.88718143509676e-25,5.95324603517112e-25,"CEBPD"
"ENSG00000122877",849.358867978828,-1.09028580088907,0.121770219487279,-8.95363255055126,3.43972410616624e-19,9.37143973941481e-19,"EGR2"
"ENSG00000148737",797.213395133819,-1.0972860154538,0.0755028701597062,-14.5330371300162,7.4827820300523e-48,3.50110382447723e-47,"TCF7L2"
"ENSG00000106004",315.24782188996,-1.10491553608663,0.160301544036758,-6.89273171213663,5.47310387660943e-12,1.21979826851473e-11,"HOXA5"
"ENSG00000123411",499.993467795983,-1.10719943154617,0.0573096508338515,-19.3195982777157,3.67499232698237e-83,2.7540105975321e-82,"IKZF4"
"ENSG00000095574",603.919158533437,-1.11064015065504,0.0555361412402648,-19.9985113450734,5.67409536888871e-89,4.57630723330793e-88,"IKZF5"
"ENSG00000105991",62.0338460799883,-1.11068777518188,0.138511353853271,-8.01874896377424,1.06827578339713e-15,2.66418224526746e-15,"HOXA1"
"ENSG00000069011",245.2654348678,-1.11861920638982,0.184835651064813,-6.05196670634481,1.43088047161245e-09,2.92658518149952e-09,"PITX1"
"ENSG00000125820",343.170343463913,-1.12670533044534,0.125832194321213,-8.9540306955881,3.42733476345716e-19,9.33958300494163e-19,"NKX2-2"
"ENSG00000111206",1525.78730546497,-1.13276366249685,0.0962356578939848,-11.7707270598672,5.52463059526052e-32,1.98106597142611e-31,"FOXM1"
"ENSG00000043355",453.455782462598,-1.1466370034822,0.130092093999214,-8.81404064023384,1.20714264842762e-18,3.24563308631277e-18,"ZIC2"
"ENSG00000101883",7.8316164070579,-1.15242833194089,0.150515598608708,-7.6565375455658,1.91012930179414e-14,4.59964418679239e-14,"RHOXF1"
"ENSG00000120093",441.291456884044,-1.15307639791574,0.194799103301189,-5.91931060448935,3.23293896554425e-09,6.52598601723749e-09,"HOXB3"
"ENSG00000125520",1532.11562666878,-1.16108268182299,0.0729705817034346,-15.9116544601746,5.26047752584204e-57,2.80401959472284e-56,"SLC2A4RG"
"ENSG00000164107",86.1717523148201,-1.16186418272407,0.218348897591077,-5.32113601461825,1.03121264519293e-07,1.95669917966029e-07,"HAND2"
"ENSG00000006377",99.8674831508087,-1.16605718039551,0.265547320113857,-4.39114648152181,1.12754544219429e-05,1.94321430052533e-05,"DLX6"
"ENSG00000105698",5555.98194983806,-1.17593875613453,0.0440739027982581,-26.6810670595073,7.80718514703039e-157,1.34036673551801e-155,"USF2"
"ENSG00000125285",1167.78281037469,-1.18445843454484,0.0946238930339011,-12.5175407243124,5.98612845024051e-36,2.30795782690101e-35,"SOX21"
"ENSG00000078399",62.0584517020483,-1.18494451225074,0.25040407774425,-4.73212945621829,2.22176635785159e-06,3.96916317490548e-06,"HOXA9"
"ENSG00000112033",2713.76045117961,-1.19159777297452,0.0495992220698052,-24.0245254511751,1.54157335036593e-127,1.92102102866e-126,"PPARD"
"ENSG00000197483",253.930074641683,-1.20575906521741,0.0564856584733593,-21.3462867886384,4.22180481249705e-101,3.88858456660599e-100,"ZNF628"
"ENSG00000267281",25.3061898049339,-1.21380184011301,0.0985688425445055,-12.3142547764519,7.5913151310057e-35,2.87151841269737e-34,"ATF7-NPFF"
"ENSG00000196767",637.068783388784,-1.21644919959055,0.146196938325044,-8.32062020947375,8.75042147067936e-17,2.24791697077506e-16,"POU3F4"
"ENSG00000141905",6140.66265990596,-1.22099367782826,0.0658018670971848,-18.5556083997577,7.34708488406649e-77,5.11293046155472e-76,"NFIC"
"ENSG00000185668",63.8447337543635,-1.22171647441874,0.141800309201741,-8.61575324691707,6.94832572828247e-18,1.83299641980572e-17,"POU3F1"
"ENSG00000108813",10.70453249994,-1.22705216332163,0.153316838531424,-8.00337507005233,1.2105449320259e-15,3.01324392649915e-15,"DLX4"
"ENSG00000049768",30.1962138878502,-1.24868563998217,0.0922398087320061,-13.5373832312478,9.40809976454674e-42,3.98604963086895e-41,"FOXP3"
"ENSG00000179388",608.510379198881,-1.26009978498267,0.132995201887421,-9.47477628590942,2.67332929323306e-21,7.6880076843572e-21,"EGR3"
"ENSG00000164438",1.43723034307711,-1.26247811347862,0.431793244586594,-2.92380237372017,0.00345784204024431,0.00510579797886912,"TLX3"
"ENSG00000172216",1193.59908545396,-1.29428145056577,0.097626636477368,-13.2574622794242,4.08486187352985e-40,1.68606650550177e-39,"CEBPB"
"ENSG00000127528",430.746691385577,-1.29997431595485,0.0858361967513638,-15.1448266017703,8.19705357711342e-52,4.06660597127834e-51,"KLF2"
"ENSG00000198353",231.402911491239,-1.31349456779915,0.10778858028506,-12.1858416200069,3.6981570259123e-34,1.38057321589601e-33,"HOXC4"
"ENSG00000170684",52.003116758972,-1.32022355723953,0.0753935046189191,-17.5111047551467,1.17883877492342e-68,7.38792227789703e-68,"ZNF296"
"ENSG00000165512",878.364957055364,-1.32276804888919,0.0718267834287155,-18.4160836076137,9.76160171699934e-76,6.69591695216195e-75,"ZNF22"
"ENSG00000128709",191.19897493424,-1.34569214121828,0.173619909399969,-7.75079393756738,9.13197727538839e-15,2.21893022782667e-14,"HOXD9"
"ENSG00000009950",264.803628997132,-1.35130115664981,0.114117364353266,-11.8413281301053,2.38643586065825e-32,8.62029235927698e-32,"MLXIPL"
"ENSG00000125798",10.6159530191503,-1.35582572361786,0.34845398608754,-3.89097492854406,9.98422500417956e-05,0.000163679521907986,"FOXA2"
"ENSG00000105997",143.593313914929,-1.36575916524549,0.17079405786541,-7.99652623934807,1.27978507987999e-15,3.18352548463817e-15,"HOXA3"
"ENSG00000105996",131.609353520438,-1.38204608670648,0.191513579898976,-7.21643910283284,5.33665450926742e-13,1.22875473491049e-12,"HOXA2"
"ENSG00000066336",1516.19416398472,-1.38239715775756,0.0951627806101925,-14.5266578897075,8.21308833912076e-48,3.83945593986231e-47,"SPI1"
"ENSG00000173404",769.407338693773,-1.38973823475984,0.171698471433018,-8.09406294162613,5.77068467391552e-16,1.45075889097584e-15,"INSM1"
"ENSG00000137273",302.195076766046,-1.40802609734189,0.105832132277476,-13.3043345819609,2.18429090978186e-40,9.06190119548577e-40,"FOXF2"
"ENSG00000130522",4311.85426247445,-1.40936532423634,0.0621377883743036,-22.6812920303286,6.85467033521182e-114,7.341121980007e-113,"JUND"
"ENSG00000115507",300.163463521155,-1.41129079451761,0.178262443392382,-7.9169272431162,2.43452108662755e-15,6.00639882056129e-15,"OTX1"
"ENSG00000197757",94.9005530006699,-1.41134626990375,0.190723489165766,-7.39996041429951,1.36225100903046e-13,3.19750418461004e-13,"HOXC6"
"ENSG00000126368",647.67047936531,-1.41557547300427,0.090572407197333,-15.6292133201242,4.60452599138473e-55,2.389773050338e-54,"NR1D1"
"ENSG00000129911",636.621674266143,-1.44137436665658,0.0614569193367282,-23.4534106527396,1.22011310417651e-121,1.41460324750115e-120,"KLF16"
"ENSG00000186790",3.34872362877956,-1.44957296989218,0.187207200958124,-7.74314749899196,9.69854189849705e-15,2.35499636084748e-14,"FOXE3"
"ENSG00000137166",732.564386126586,-1.49521047000377,0.0832472795998042,-17.9610730487737,3.93133810868023e-72,2.57106923693398e-71,"FOXP4"
"ENSG00000198816",1280.84282482911,-1.50652053530001,0.0520723394542534,-28.9313011685124,4.8242575410297e-184,1.1167208845731e-182,"ZNF358"
"ENSG00000176182",300.030269627292,-1.51339034764035,0.0564009008722979,-26.8327335952832,1.34158344291466e-158,2.34761782633882e-157,"MYPOP"
"ENSG00000133250",554.105871293629,-1.5426722605872,0.0557912883491684,-27.6507731983606,2.73168234221505e-168,5.37457999788563e-167,"ZNF414"
"ENSG00000107485",41.1686606848355,-1.56723739376316,0.188695865207638,-8.30562658084001,9.92940528437035e-17,2.54773823385121e-16,"GATA3"
"ENSG00000115844",102.885520385562,-1.57084346708721,0.216650228654656,-7.2505968576251,4.14939023535728e-13,9.58723111545912e-13,"DLX2"
"ENSG00000123364",88.9711878075347,-1.57748213020282,0.258853405417603,-6.09411387753582,1.10045304765427e-09,2.26041510313236e-09,"HOXC13"
"ENSG00000100146",2383.08634503364,-1.57749486619387,0.217095232181497,-7.26637268972837,3.69268905008715e-13,8.54195137205098e-13,"SOX10"
"ENSG00000037965",56.5930735981492,-1.58679244529117,0.189286292073787,-8.38302883904879,5.15828311356689e-17,1.33368374717049e-16,"HOXC8"
"ENSG00000129194",323.006547996665,-1.61499197262832,0.0861611720242818,-18.7438487045323,2.1732457892801e-78,1.53915046431069e-77,"SOX15"
"ENSG00000162992",169.808197487036,-1.62371574891275,0.210566565427646,-7.71117554021501,1.24664049776376e-14,3.01725254770134e-14,"NEUROD1"
"ENSG00000171056",47.2836224674198,-1.66655810964447,0.0796851410079321,-20.91428952204,3.96895823720785e-97,3.51098641092538e-96,"SOX7"
"ENSG00000185551",1108.05790504116,-1.67231600888819,0.105803546092603,-15.8058597338932,2.8349622995908e-56,1.49685339610409e-55,"NR2F2"
"ENSG00000075891",15.9276232433403,-1.68069891005407,0.249262774072189,-6.74267915179073,1.55492330863424e-11,3.41300416350681e-11,"PAX2"
"ENSG00000183072",208.452044629296,-1.68995919369702,0.187633611652498,-9.006697567741,2.12354680726067e-19,5.81390043188457e-19,"NKX2-5"
"ENSG00000137203",202.948638157293,-1.69051154731996,0.17943172162797,-9.42147537783218,4.44793481607903e-21,1.27239071910813e-20,"TFAP2A"
"ENSG00000136574",63.5877849701885,-1.69418632102717,0.250706967770608,-6.7576355619175,1.40261789462617e-11,3.08450564436344e-11,"GATA4"
"ENSG00000157613",537.574406840341,-1.76006833295673,0.14965119849428,-11.7611375696667,6.18946917851003e-32,2.2166532446595e-31,"CREB3L1"
"ENSG00000184058",73.3591102956926,-1.78803059935972,0.181011960111592,-9.87796937979912,5.18733919458499e-23,1.54806226553734e-22,"TBX1"
"ENSG00000204060",153.521964768278,-1.82650922642108,0.124270172925493,-14.6978891508921,6.65005366399333e-49,3.16055807013397e-48,"FOXO6"
"ENSG00000175592",296.713482089285,-1.83135393793819,0.132255405836889,-13.8471008148945,1.32450956327908e-43,5.79624232350769e-43,"FOSL1"
"ENSG00000173917",253.748437510391,-1.83383624531716,0.191537622553545,-9.57428739518004,1.02562124231122e-21,2.97566643460565e-21,"HOXB2"
"ENSG00000261678",156.034032143496,-1.9111162334311,0.182678183405855,-10.4616555617108,1.29571629578555e-25,4.10262989598927e-25,"SCRT1"
"ENSG00000197576",22.3861312170754,-1.94482191285737,0.202049562057297,-9.62546957813181,6.24211585284308e-22,1.81911346257002e-21,"HOXA4"
"ENSG00000203883",233.527979858099,-1.95195066339368,0.0961116876544912,-20.3091914316465,1.06645525873335e-91,8.84874092619195e-91,"SOX18"
"ENSG00000176165",1643.17410101683,-1.9743194134757,0.134133484903396,-14.7190644819049,4.86341760757093e-49,2.31697050954396e-48,"FOXG1"
"ENSG00000261221",726.960052643975,-1.97977741803281,0.0599890941584116,-33.0022889294655,7.53090794928297e-239,3.02103752394796e-237,"ZNF865"
"ENSG00000169136",1022.91411514124,-2.0171227378936,0.0790972348090278,-25.5018110653772,1.88214461915204e-143,2.76491220223502e-142,"ATF5"
"ENSG00000176083",9.15113542453284,-2.0358958455449,0.168848061370488,-12.0575612714778,1.76945042641242e-33,6.52476481060183e-33,"ZNF683"
"ENSG00000120068",57.7196319924659,-2.18260028393512,0.305069215080233,-7.15444291342572,8.40133989147175e-13,1.92283632217801e-12,"HOXB8"
"ENSG00000120075",27.8568481330373,-2.19158139963002,0.25639699323475,-8.54760959549735,1.25663946068933e-17,3.29432527663187e-17,"HOXB5"
"ENSG00000163497",22.1730114089891,-2.23921688132249,0.289252890060827,-7.7413811867242,9.83425702566646e-15,2.38730216943331e-14,"FEV"
"ENSG00000139515",5.61964282003482,-2.30327407534702,0.390564932624058,-5.89728847357644,3.69523513183839e-09,7.44488340261524e-09,"PDX1"
"ENSG00000120738",8568.69701034542,-2.32057611700583,0.114970980476961,-20.1840160654353,1.35294541558713e-90,1.10970904449611e-89,"EGR1"
"ENSG00000169840",156.748235771456,-2.3248798398815,0.224217805005075,-10.3688457739959,3.43650401443952e-25,1.0781086588117e-24,"GSX1"
"ENSG00000176692",33.8376813110925,-2.33874322891379,0.152532303428082,-15.3327732968806,4.61839942001784e-53,2.33594147956655e-52,"FOXC2"
"ENSG00000152284",795.912032389325,-2.57614815622101,0.0850765676763622,-30.2803489442695,2.08019079768503e-201,5.76881867854389e-200,"TCF7L1"
